Stock,Date,Party,Category,Txntype,Quantity,Value traded,Avgtradeprice
Wipro Ltd,4/26/2017,Sreeprakash Narayanan,Insider - Employee,Buy,1,6.86,686413.9
ITC Ltd,5/17/2016,Arun Kumar Srivastava,Insider - Employee,Sell,2,16.5,825237.5
MPS Infotecnics Ltd,2/21/2022,ALPHA LEON ENTERPRISES LLP,Bulk,Sell,1,1.0,1.35
MPS Infotecnics Ltd,8/23/2021,TOPGAIN FINANCE PRIVATE LIMITED,Bulk,Buy,1,0.0,0.25
Tata Consultancy Services Ltd,11/10/2020,Sonali Malik,Insider - Immediate Relative,Buy,1,2654.0,2654.0
Tata Consultancy Services Ltd,11/10/2020,Sonali Malik,Insider - Immediate Relative,Buy,1,2655.0,2655.0
Uttam Value Steels Ltd,10/30/2020,TOPGAIN FINANCE PRIVATE LIMITED,Bulk,Sell,2,0.0,0.25
JSW Steel Ltd,8/1/2022,JSW Steel Employees Welfare Trust 没 ESOP OPJ Samruddhi Plan 2021 A/c,Insider - Other,Sell,1,638.0,638.0
Reliance Industries Ltd,2/12/2016,Ajit Jayantilal Vyas,Insider - Other,Sell,2,1793.0,896.5
ITC Ltd,3/29/2017,Prabal Kumar Mahapatra,Insider - Employee,Sell,6,17.0,283300.0
Tata Consultancy Services Ltd,11/10/2020,Sonali Malik,Insider - Immediate Relative,Buy,2,5310.0,2655.0
Indus Towers Ltd,12/10/2017,Ravinder Hooda,Insider - Employee,Buy,1,376.0,376.0
Housing Development Finance Corporation Ltd,9/23/2021,SANCHIT GARG,Insider - Designated Person,Sell,1,2751.0,2751.0
ITC Ltd,2/2/2016,Malay Kumar Saha,Insider - Employee,Buy,7,9.98,142542.86
Housing Development Finance Corporation Ltd,12/31/2018,ARPIT TANDON,Insider - Employee,Sell,1,1969.0,1969.0
Housing Development Finance Corporation Ltd,6/26/2018,NEHA TRIPATHI,Insider - Employee,Sell,1,1915.0,1915.0
Housing Development Finance Corporation Ltd,5/9/2018,YASHITA PATIL,Insider - Immediate Relative,Buy,1,1890.0,1890.0
Wipro Ltd,8/24/2017,Vikas Srivastava,Insider - Employee,Buy,4,1535.0,383.76
Housing Development Finance Corporation Ltd,12/6/2017,Hari Shankar Prasad,Insider - Employee,Sell,1,1649.0,1649.0
Housing Development Finance Corporation Ltd,5/22/2017,Pradeep Kumar S,Insider - Employee,Sell,1,1520.0,1520.0
Housing Development Finance Corporation Ltd,5/4/2016,Sony George,Insider - Immediate Relative,Buy,1,1162.0,1162.0
JSW Steel Ltd,12/8/2022,JSW Steel Employees Welfare Trust 没 OPJ Samruddhi Plan 2021 A/c PAN: AABTJ3861D Regd. Add.: Dr. G. Deshmukh Marg 5/A Mumbai - 400026 Contact No.: 022-42861001,Insider - Other,Sell,2,1490.0,745.0
JSW Steel Ltd,6/17/2022,JSW Steel Employees Welfare Trust 没 JSWSL OPJ Samruddhi Plan 2021 A/c,Insider - Other,Sell,2,1113.0,556.5
JSW Steel Ltd,6/8/2022,JSW Steel Employees Welfare Trust 没 JSWSL OPJ Samruddhi Plan 2021 A/c,Insider - Other,Sell,2,1157.0,578.5
Larsen & Toubro Ltd,3/17/2023,CYRUS J DADACHANJI,Insider - Designated Person,Sell,1,2195.0,2195.0
Larsen & Toubro Ltd,12/1/2022,SRAVANKUMAR Y V S,Insider - Designated Person,Sell,1,2106.0,2106.0
Larsen & Toubro Ltd,8/2/2019,SANTHOSH KP,Insider - Designated Person,Sell,1,1370.0,1370.0
Larsen & Toubro Ltd,5/3/2017,Surendra Babu P R,Insider - Employee,Sell,1,1711.0,1711.0
Mahindra and Mahindra Ltd,11/18/2022,GIJU KURIAN,Insider - Designated Person,Sell,1,1229.0,1229.0
Mahindra and Mahindra Ltd,1/19/2022,Vijay Ramswaroop Nakra,Insider - Designated Person,Sell,1,889.0,889.0
Godrej Consumer Products Ltd,3/28/2019,NG Children Trust,Insider - Promoter Group,Buy,1,693.0,693.0
Godrej Consumer Products Ltd,3/29/2019,PG Children Trust,Insider - Promoter Group,Buy,1,685.0,685.0
Godrej Consumer Products Ltd,3/28/2019,NBG Family Trust,Insider - Promoter Group,Buy,1,693.0,693.0
Godrej Consumer Products Ltd,3/28/2019,BNG Family Trust,Insider - Promoter Group,Buy,1,693.0,693.0
Godrej Consumer Products Ltd,3/28/2019,BNG Lineage Trust,Insider - Promoter Group,Buy,1,692.0,692.0
Godrej Consumer Products Ltd,3/28/2019,SGC Family Trust,Insider - Promoter Group,Buy,1,695.0,695.0
Godrej Consumer Products Ltd,3/28/2019,ABG Family Trust,Insider - Promoter Group,Buy,1,693.0,693.0
Godrej Consumer Products Ltd,3/29/2019,RNG Family Trust,Insider - Promoter Group,Buy,1,685.0,685.0
Godrej Consumer Products Ltd,3/28/2019,NJG Family Trust,Insider - Promoter Group,Buy,1,695.0,695.0
Godrej Consumer Products Ltd,3/28/2019,NVC Children Trust,Insider - Promoter Group,Buy,1,695.0,695.0
Godrej Consumer Products Ltd,3/28/2019,RJG Family Trust,Insider - Promoter Group,Buy,1,695.0,695.0
Godrej Consumer Products Ltd,3/28/2019,SNG Lineage Trust,Insider - Promoter Group,Buy,1,692.0,692.0
Godrej Consumer Products Ltd,3/28/2019,JNG Family Trust,Insider - Promoter Group,Buy,1,695.0,695.0
Godrej Consumer Products Ltd,3/28/2019,PG Lineage Trust,Insider - Promoter Group,Buy,1,693.0,693.0
Godrej Consumer Products Ltd,3/28/2019,PJG Family Trust,Insider - Promoter Group,Buy,1,695.0,695.0
Godrej Consumer Products Ltd,3/28/2019,Navroze Lineage Trust,Insider - Promoter Group,Buy,1,695.0,695.0
Godrej Consumer Products Ltd,3/28/2019,Raika Lineage Trust,Insider - Promoter Group,Buy,1,695.0,695.0
Godrej Consumer Products Ltd,3/28/2019,FVC Children Trust,Insider - Promoter Group,Buy,1,695.0,695.0
Godrej Consumer Products Ltd,3/28/2019,SNG Family Trust,Insider - Promoter Group,Buy,1,692.0,692.0
Godrej Consumer Products Ltd,3/28/2019,TAD Children Trust,Insider - Promoter Group,Buy,1,693.0,693.0
Godrej Consumer Products Ltd,3/28/2019,VMC Family Trust,Insider - Promoter Group,Buy,1,695.0,695.0
Shalimar Productions Ltd,6/6/2022,SPARK FINANCE,Bulk,Buy,1,0.0,0.62
Shalimar Productions Ltd,5/27/2022,TOPGAIN FINANCE PRIVATE LIMITED,Bulk,Buy,1,0.0,0.68
SBI Cards and Payment Services Ltd,8/2/2021,Majid Asadullah,Insider - Designated Person,Sell,1,1040.0,1040.0
SBI Cards and Payment Services Ltd,10/26/2020,Amit Kalra,Insider - Designated Person,Sell,1,805.0,805.0
SBI Cards and Payment Services Ltd,11/4/2020,Gopal Prasad Malakar,Insider - Designated Person,Sell,1,815.0,815.0
Tata Consultancy Services Ltd,11/10/2020,Sonali Malik,Insider - Immediate Relative,Buy,4,10614.0,2653.5
Tech Mahindra Ltd,8/29/2018,Siddharth Dey,Insider - Employee,Sell,1,738.0,738.0
Siti Networks Ltd,11/4/2020,VORA PRITESH PRAVINCHANDRA (HUF),Bulk,Sell,1,0.0,0.55
Siti Networks Ltd,1/6/2022,ALPHA LEON ENTERPRISES LLP,Bulk,Sell,1,4.0,4.5
Rasoya Proteins Ltd,5/21/2015,BP FINTRADE PRIVATE LIMITED,Bulk,Sell,2,0.0,0.2
Housing Development Finance Corporation Ltd,11/29/2018,RANJEET ANNI SHETTY,Insider - Employee,Sell,2,3856.0,1928.0
Housing Development Finance Corporation Ltd,12/31/2018,ARPIT TANDON,Insider - Employee,Sell,2,3938.0,1969.0
Housing Development Finance Corporation Ltd,6/26/2018,NEHA TRIPATHI,Insider - Employee,Sell,2,3827.0,1913.5
Housing Development Finance Corporation Ltd,12/7/2018,JAISHANKER T A,Insider - Employee,Sell,2,3800.0,1900.0
ITC Ltd,11/30/2015,Narottam Thanvi,Insider - Employee,Buy,15,36.42,242820.0
Housing Development Finance Corporation Ltd,11/3/2017,Hari Shankar Prasad,Insider - Employee,Sell,2,3559.0,1779.5
Housing Development Finance Corporation Ltd,3/12/2018,Mrinal Sharma,Insider - Employee,Sell,2,3690.0,1845.0
Housing Development Finance Corporation Ltd,12/13/2017,Anjali Maria Vaz,Insider - Employee,Sell,2,3414.0,1707.0
Housing Development Finance Corporation Ltd,3/15/2017,Sudha V,Insider - Employee,Sell,2,2847.0,1423.5
Housing Development Finance Corporation Ltd,3/15/2017,Supriya Bhasin,Insider - Employee,Sell,2,2841.0,1420.5
Housing Development Finance Corporation Ltd,9/28/2016,Rohit Varma,Insider - Employee,Sell,2,2859.0,1429.5
Housing Development Finance Corporation Ltd,2/6/2017,Nehalbhai V Thakker,Insider - Immediate Relative,Sell,2,2796.0,1398.0
JSW Steel Ltd,6/11/2019,Beaufield Holdings Limited,Insider - Promoter Group,Sell,4,1096.0,274.0
Tata Consultancy Services Ltd,11/10/2020,Sonali Malik,Insider - Immediate Relative,Buy,5,14041.0,2808.2
Tata Consultancy Services Ltd,11/10/2020,Sonali Malik,Insider - Immediate Relative,Buy,5,13270.0,2654.0
Larsen & Toubro Ltd,3/17/2023,CYRUS J DADACHANJI,Insider - Designated Person,Sell,2,4390.0,2195.0
Larsen & Toubro Ltd,3/17/2023,CYRUS J DADACHANJI,Insider - Designated Person,Sell,2,4391.0,2195.5
Larsen & Toubro Ltd,12/4/2020,RANJAN Y TRIVEDI,Insider - Immediate Relative,Sell,2,2309.0,1154.5
Larsen & Toubro Ltd,3/12/2019,A NAVEEN KUMAR,Insider - Designated Person,Sell,2,2703.0,1351.5
Larsen & Toubro Ltd,7/26/2016,BHARGAVA MUKESH CMDR,Insider - Employee,Sell,2,3162.0,1581.0
Larsen & Toubro Ltd,9/15/2015,Hemant H Jadhav,Insider - Employee,Sell,2,3140.0,1570.0
Larsen & Toubro Ltd,9/8/2015,Hemant H Jadhav,Insider - Employee,Sell,2,3064.0,1532.0
IIFL Finance Ltd,10/7/2015,Upendra Jaiswal,Insider - Other,Sell,1,189.0,189.0
Crompton Greaves Consumer Electricals Ltd,11/11/2019,SHAJI ABRAHAM,Insider - Designated Person,Sell,1,262.0,262.0
Avenue Supermarts Ltd,7/13/2018,Ashwin Patel,Insider - Employee,Sell,1,1759.0,1759.0
Avenue Supermarts Ltd,7/16/2018,Ashwin Patel,Insider - Employee,Buy,1,1562.0,1562.0
Avenue Supermarts Ltd,7/16/2018,Ashwin Patel,Insider - Employee,Sell,1,1568.0,1568.0
Indusind Bank Ltd,2/13/2019,SUNDAR RAJA MANI,Insider - Employee,Sell,1,1490.0,1490.0
Indusind Bank Ltd,2/12/2019,SUNDAR RAJA MANI,Insider - Employee,Sell,1,1498.0,1498.0
Biocon Ltd,12/21/2021,INDRANIL SEN,Insider - Designated Person,Sell,2,711.0,355.5
Aurobindo Pharma Ltd,10/27/2016,Ravindranadha Reddy Meka,Insider - Employee,Sell,1,21.21,2120737.0
UNO Minda Ltd,8/30/2022,Alok Sharma,Insider - Designated Person,Sell,1,580.0,580.0
UNO Minda Ltd,11/28/2022,Sanjay Kumar Aggarwal,Insider - Designated Person,Sell,1,555.0,555.0
NCL Research and Financial Services Ltd,2/4/2022,MANSI SHARE & STOCK ADVISORS PRIVATE LIMITED,Bulk,Sell,1,2.0,2.25
NCL Research and Financial Services Ltd,12/30/2021,ALPHA LEON ENTERPRISES LLP,Bulk,Buy,1,1.0,1.61
NCL Research and Financial Services Ltd,2/23/2022,ALPHA LEON ENTERPRISES LLP,Bulk,Sell,1,1.0,1.54
HDFC Bank Ltd,3/23/2020,Omkar Gadekar,Insider - Designated Person,Buy,10,7710.0,771.0
HDFC Bank Ltd,1/27/2020,Sunil Maydeo,Insider - Designated Person,Buy,10,12349.0,1234.9
MPS Infotecnics Ltd,1/24/2022,ALPHA LEON ENTERPRISES LLP,Bulk,Buy,7,10.0,1.5
Housing Development Finance Corporation Ltd,3/15/2017,Chatterjee Sourish,Insider - Employee,Sell,3,4284.0,1428.0
Housing Development Finance Corporation Ltd,9/6/2016,Aditi Gutgutia,Insider - Employee,Sell,3,4356.0,1452.0
Housing Development Finance Corporation Ltd,3/15/2017,Supriya Bhasin,Insider - Employee,Sell,3,4268.0,1422.67
Housing Development Finance Corporation Ltd,2/6/2017,Alavani Raghunandan M,Insider - Employee,Sell,3,4230.0,1410.0
HDFC Bank Ltd,12/23/2016,Raveesh Kumar Bhatia,Insider - Employee,Buy,10,42.61,426105.0
Indian Infotech and Software Ltd,2/23/2022,ALPHA LEON ENTERPRISES LLP,Bulk,Sell,2,8.0,4.22
Reliance Home Finance Ltd,4/17/2020,ALPHA LEON ENTERPRISES LLP,Bulk,Sell,1,1.0,1.0
Brightcom Group Ltd,6/24/2020,ALPHA LEON ENTERPRISES LLP,Bulk,Sell,1,9.0,9.95
Indus Towers Ltd,3/18/2016,Prashant Veer Singh,Insider - Employee,Sell,4,19.33,483368.35
Tata Consultancy Services Ltd,11/10/2020,Sonali Malik,Insider - Immediate Relative,Buy,8,21232.0,2654.0
Tata Consultancy Services Ltd,11/10/2020,Sonali Malik,Insider - Immediate Relative,Buy,8,21240.0,2655.0
Larsen & Toubro Ltd,3/17/2023,CYRUS J DADACHANJI,Insider - Designated Person,Sell,3,6586.0,2195.33
Larsen & Toubro Ltd,3/17/2023,CYRUS J DADACHANJI,Insider - Designated Person,Sell,3,6585.0,2195.0
Larsen & Toubro Ltd,3/22/2023,CYRUS J DADACHANJI,Insider - Designated Person,Sell,3,6657.0,2219.0
ITC Ltd,8/17/2018,LAKSHMANAN CHITTUR CHANDRASEKHARAN,Insider - Employee,Sell,28,8684.0,310.14
Bharti Airtel Ltd,2/25/2020,Rohit Relan,Insider - Designated Person,Sell,10,5333.0,533.3
ICICI Bank Ltd,11/2/2018,Vikash Sharma,Insider - Employee,Buy,14,32.92,221342.18
Virtual Global Education Ltd,1/17/2022,ALPHA LEON ENTERPRISES LLP,Bulk,Sell,1,3.0,3.2
HDFC Bank Ltd,9/7/2016,Ram C Sonar,Insider - Employee,Sell,12,14700.0,1225.0
Housing Development Finance Corporation Ltd,12/31/2018,ARPIT TANDON,Insider - Employee,Sell,4,7877.0,1969.25
Housing Development Finance Corporation Ltd,11/16/2018,PATHARE VISHAL,Insider - Employee,Sell,4,7564.0,1891.0
Housing Development Finance Corporation Ltd,5/26/2017,Shikha Khattar,Insider - Employee,Sell,4,6246.0,1561.5
Housing Development Finance Corporation Ltd,9/11/2017,Hemant Shankar Mokashi,Insider - Employee,Sell,4,7148.0,1787.0
Housing Development Finance Corporation Ltd,1/12/2017,Patel Darshan,Insider - Employee,Sell,4,4971.0,1242.75
Infosys Ltd,3/1/2021,Shaji Mathew,Insider - Designated Person,Buy,11,22811.0,2073.73
Tata Consultancy Services Ltd,11/10/2020,Sonali Malik,Insider - Immediate Relative,Buy,10,26725.0,2672.5
ITC Ltd,7/29/2016,Rajiv Bansal,Insider - Employee,Buy,32,35.92,111384.87
Greencrest Financial Services Ltd,11/22/2022,VIBRANT SECURITIES PRIVATE LIMITED,Bulk,Sell,1,2.0,2.82
Greencrest Financial Services Ltd,11/7/2022,MOHD ANEES KHAN,Bulk,Sell,1,2.0,2.35
MFL India Ltd,8/31/2021,TOPGAIN FINANCE PRIVATE LIMITED,Bulk,Buy,1,0.0,0.32
Yes Bank Ltd,6/30/2016,Kapil Bali,Insider - Director,Sell,6,6300.0,1050.0
Larsen & Toubro Ltd,7/10/2015,BHARGAVA MUKESH CMDR,Insider - Employee,Buy,4,7508.0,1877.0
Raj Rayon Industries Ltd,6/16/2020,ALPHA LEON ENTERPRISES LLP,Bulk,Buy,1,0.0,0.3
HDFC Bank Ltd,5/24/2016,Ramchandra Sonawane,Insider - Designated Person,Sell,15,16550.0,1103.33
HDFC Bank Ltd,5/24/2016,Ashok Khanna,Insider - Designated Person,Sell,15,16650.0,1110.0
Godrej Industries Ltd,9/30/2019,TANYA DUBASH AND PIROJSHA GODREJTRUSTEES OF TAD CHILDREN TRUST,Insider - Promoter Group,Buy,1,411.0,411.0
Godrej Industries Ltd,9/30/2019,NADIR GODREJ HORMAZD GODREJ AND BURJIS GODREJ TRUSTEES OF BNG LINEAGE TRUST,Insider - Promoter Group,Buy,1,410.0,410.0
Godrej Industries Ltd,9/30/2019,PIROJSHA GODREJ AND NISABA GODREJ TRUSTEES OF PG CHILDREN TRUST,Insider - Promoter Group,Buy,1,411.0,411.0
Godrej Industries Ltd,9/30/2019,JAMSHYD GODREJPHEROZA GODREJ AND NAVROZE GODREJ TRUSTEES OF PJG FAMILY TRUST,Insider - Promoter Group,Buy,1,414.0,414.0
Godrej Industries Ltd,9/30/2019,NISABA GODREJ AND PIROJSHA GODREJ TRUSTEES OF NG CHILDREN TRUST,Insider - Promoter Group,Buy,1,411.0,411.0
Godrej Industries Ltd,9/30/2019,NADIR GODREJHORMAZD GODREJ AND RATI GODREJTRUSTEES OF RNG FAMILY TRUST,Insider - Promoter Group,Buy,1,410.0,410.0
Godrej Industries Ltd,9/30/2019,JAMSHYD GODREJ PHEROZA GODREJ AND NAVROZE GODREJ TRUSTEES OF NJG FAMILY TRUST,Insider - Promoter Group,Buy,1,414.0,414.0
Godrej Industries Ltd,9/30/2019,SMITA GODREJ CRISHNA FREYAN CRISHNA BIERI AND NYRIKA HOLKAR TRUSTEES OF FVC CHILDREN TRUST,Insider - Promoter Group,Buy,1,414.0,414.0
Godrej Industries Ltd,9/30/2019,PIROJSHA GODREJ AND NISABA GODREJTRUSTEES OF PG LINEAGE TRUST,Insider - Promoter Group,Buy,1,411.0,411.0
Godrej Industries Ltd,9/30/2019,NADIR GODREJ HORMAZD GODREJ AND RATI GODREJ TRUSTEES OF BNG SUCCESSOR TRUST,Insider - Promoter Group,Buy,1,410.0,410.0
Godrej Industries Ltd,9/30/2019,NADIR GODREJ HORMAZD GODREJ AND RATI GODREJ TRUSTEES OF SNG SUCCESSOR TRUST,Insider - Promoter Group,Buy,1,410.0,410.0
Godrej Industries Ltd,9/30/2019,SMITA GODREJ CRISHNA VIJAY MOHAN CRISHNA FREYAN CRISHNA BIERI AND NYRIKA HOLKAR TRUSTEES OF VMC FAMILY TRUST,Insider - Promoter Group,Buy,1,414.0,414.0
Godrej Industries Ltd,9/30/2019,NADIR GODREJ HORMAZD GODREJ AND SOHRAB GODREJ TRUSTEES OF SNG LINEAGE TRUST,Insider - Promoter Group,Buy,1,410.0,410.0
Godrej Industries Ltd,9/30/2019,JAMSHYD GODREJ PHEROZA GODREJ AND NAVROZE GODREJ TRUSTEES OF RJG FAMILY TRUST,Insider - Promoter Group,Buy,1,414.0,414.0
Godrej Industries Ltd,9/30/2019,SMITA GODREJ CRISHNA FREYAN CRISHNA BIERI AND NYRIKA HOLKAR TRUSTEES OF NVC CHILDREN TRUST,Insider - Promoter Group,Buy,1,414.0,414.0
Tata Consultancy Services Ltd,8/5/2021,Suresh Gopinathan Menon,Insider - Designated Person,Sell,11,36357.0,3305.18
Punj Lloyd Ltd,2/20/2019,J M GLOBAL EQUITIES PRIVATE LIMITED,Bulk,Buy,1,1.0,1.8
Housing Development Finance Corporation Ltd,8/10/2018,POOJA HEMANT SHAH,Insider - Employee,Sell,5,9900.0,1980.0
Housing Development Finance Corporation Ltd,12/31/2018,ARPIT TANDON,Insider - Employee,Sell,5,9845.0,1969.0
Housing Development Finance Corporation Ltd,11/14/2018,SOMA SUNDAR B T,Insider - Employee,Sell,5,9175.0,1835.0
Housing Development Finance Corporation Ltd,8/10/2018,POOJA HEMANT SHAH,Insider - Employee,Sell,5,9880.0,1976.0
Sel Manufacturing Company Ltd,8/11/2015,RKR INVESTMENTS SERVICES,Bulk,Buy,1,4.0,4.23
Biogen Pharmachem Industries Ltd,7/8/2021,PARESH DHIRAJLAL SHAH,Bulk,Buy,2,1.0,0.58
Zee Learn Ltd,1/7/2022,MANSI SHARES & STOCK ADVISORS PVT LTD,Bulk,Buy,1,18.0,18.5
Housing Development Finance Corporation Ltd,7/31/2017,Shashank Khare,Insider - Employee,Sell,5,8910.0,1782.0
Housing Development Finance Corporation Ltd,7/20/2017,KRISHNARAO RAMCHANDRA YADAV,Insider - Immediate Relative,Sell,5,8240.0,1648.0
Housing Development Finance Corporation Ltd,2/2/2018,Nilesh Janardan Mange,Insider - Employee,Buy,5,9544.0,1908.8
Housing Development Finance Corporation Ltd,5/30/2017,Deepika Gupta,Insider - Employee,Sell,5,7978.0,1595.6
Housing Development Finance Corporation Ltd,3/13/2018,JITENDRA SAI KOMMINENI,Insider - Employee,Sell,5,9350.0,1870.0
Crompton Greaves Consumer Electricals Ltd,11/11/2019,SHAJI ABRAHAM,Insider - Designated Person,Sell,2,518.0,259.0
Hindustan Unilever Ltd,3/30/2021,Chandrasekaran Singaravelu,Insider - Employee,Sell,7,16654.0,2379.14
GV Films Ltd,1/10/2022,MANSI SHARE & STOCK ADVISORS PRIVATE LIMITED,Bulk,Buy,3,3.0,1.26
AU Small Finance Bank Ltd,5/15/2020,Ravleen Kaur saluja,Insider - Immediate Relative,Sell,1,436.0,436.0
AU Small Finance Bank Ltd,8/25/2020,Pankaj Sharma,Insider - Designated Person,Sell,1,738.0,738.0
Indusind Bank Ltd,2/13/2019,SUNDAR RAJA MANI,Insider - Employee,Sell,2,2980.0,1490.0
Indusind Bank Ltd,2/13/2019,SUNDAR RAJA MANI,Insider - Employee,Sell,2,2979.0,1489.5
AU Small Finance Bank Ltd,3/18/2020,Pankaj Sharma,Insider - Designated Person,Sell,1,806.0,806.0
Bajaj Auto Ltd,2/26/2021,K S GRIHAPATHY,Insider - Designated Person,Sell,1,3906.0,3906.0
Varun Beverages Ltd,6/26/2020,RAVI KANT JAIPURIA AND SONS HUF,Insider - Promoter,Sell,1,686.0,686.0
Varun Beverages Ltd,6/26/2020,RAVI KANT JAIPURIA AND SONS HUF,Insider - Promoter,Sell,1,690.0,690.0
Varun Beverages Ltd,6/26/2020,RAVI KANT JAIPURIA AND SONS HUF,Insider - Promoter,Sell,1,687.0,687.0
Varun Beverages Ltd,6/26/2020,DEVYANI JAIPURIA,Insider - Promoter Group,Sell,1,693.0,693.0
Varun Beverages Ltd,6/26/2020,DEVYANI JAIPURIA,Insider - Promoter Group,Sell,1,689.0,689.0
Varun Beverages Ltd,6/26/2020,DEVYANI JAIPURIA,Insider - Promoter Group,Sell,1,690.0,690.0
Varun Beverages Ltd,6/26/2020,RAVI KANT JAIPURIA AND SONS HUF,Insider - Promoter,Sell,1,685.0,685.0
Varun Beverages Ltd,6/26/2020,DEVYANI JAIPURIA,Insider - Promoter Group,Sell,1,687.0,687.0
Varun Beverages Ltd,6/26/2020,DEVYANI JAIPURIA,Insider - Promoter Group,Sell,1,691.0,691.0
Varun Beverages Ltd,6/26/2020,DEVYANI JAIPURIA,Insider - Promoter Group,Sell,1,688.0,688.0
Larsen & Toubro Ltd,9/1/2022,ASOK KUMAR K,Insider - Designated Person,Sell,5,9520.0,1904.0
NCL Research and Financial Services Ltd,1/12/2022,MANSI SHARE & STOCK ADVISORS PRIVATE LIMITED,Bulk,Buy,2,4.0,2.32
ITC Ltd,7/17/2018,K.R. ARUN,Insider - Employee,Sell,45,12182.0,270.71
Tata Consultancy Services Ltd,11/10/2020,Sonali Malik,Insider - Immediate Relative,Buy,14,37148.0,2653.43
Housing Development Finance Corporation Ltd,3/28/2018,Tarun Bibra,Insider - Employee,Sell,6,10932.0,1822.0
Housing Development Finance Corporation Ltd,3/8/2018,ANILKUMAR A S,Insider - Employee,Sell,6,10800.0,1800.0
UNO Minda Ltd,9/15/2020,ARVIND KUMAR AGARWAL,Insider - Designated Person,Buy,1,250.0,250.0
UNO Minda Ltd,9/15/2020,DINESH SAINI,Insider - Designated Person,Buy,1,250.0,250.0
Housing Development Finance Corporation Ltd,9/29/2016,Vishal Shivnathrao Kuche,Insider - Employee,Sell,6,8408.0,1401.33
Vikas Proppant & Granite Ltd,1/6/2022,MANSI SHARE & STOCK ADVISORS PRIVATE LIMITED,Bulk,Sell,2,5.0,2.85
HDFC Bank Ltd,5/17/2017,Anil Verghese,Insider - Employee,Sell,20,30200.0,1510.0
Urja Global Ltd,12/18/2017,BP FINTRADE PRIVATE LIMITED,Bulk,Sell,2,7.0,3.83
Relaxo Footwears Ltd,11/30/2020,Pankaj Bhalla,Insider - Employee,Sell,1,710.0,710.0
Shalimar Productions Ltd,12/28/2021,ALPHA LEON ENTERPRISES LLP,Bulk,Sell,4,2.0,0.52
ITC Ltd,8/14/2018,HARIT SHROFF,Insider - Employee,Sell,50,15488.0,309.76
ITC Ltd,1/10/2019,HARIT SHROFF,Insider - Employee,Sell,50,14600.0,292.0
ITC Ltd,1/15/2019,HARIT SHROFF,Insider - Employee,Sell,50,14750.0,295.0
ITC Ltd,3/12/2019,D. JOHN ROBERT,Insider - Employee,Sell,50,14715.0,294.3
Relaxo Footwears Ltd,3/8/2019,Amit Maindola,Insider - Employee,Sell,1,754.0,754.0
Axis Bank Ltd,5/16/2016,Chanchal Bhattacharya,Insider - Employee,Buy,10,2889.0,288.96
Reliance Industries Ltd,3/1/2017,R S Bhatt,Insider - Other,Buy,25,25000.0,1000.0
Pil Italica Lifestyle Ltd,1/12/2022,ALPHA LEON ENTERPRISES LLP,Bulk,Sell,1,16.0,16.0
HCL Technologies Ltd,2/3/2016,Vineet Sood,Insider - Employee,Sell,12,10500.0,875.0
ICICI Lombard General Insurance Company Ltd,8/10/2021,SUDHANSHU WALIA,Insider - Designated Person,Sell,2,2900.0,1450.0
Housing Development Finance Corporation Ltd,3/20/2017,Nikhil Khanna,Insider - Employee,Sell,7,10171.0,1453.0
HDFC Bank Ltd,3/12/2020,Kamini Jain,Insider - Designated Person,Buy,25,25880.0,1035.2
Mahindra and Mahindra Ltd,1/24/2019,Kinnar Rathod,Insider - Employee,Sell,5,3475.0,695.0
Godrej Properties Ltd,3/28/2019,NBG Family Trust,Insider - Promoter Group,Buy,1,867.0,867.0
Godrej Properties Ltd,3/28/2019,SNG Successor Trust,Insider - Promoter Group,Buy,1,867.0,867.0
Godrej Properties Ltd,3/28/2019,SNG Lineage Trust,Insider - Promoter Group,Buy,1,867.0,867.0
Godrej Properties Ltd,3/28/2019,NJG Family Trust,Insider - Promoter Group,Buy,1,869.0,869.0
Godrej Properties Ltd,3/28/2019,ABG Family Trust,Insider - Promoter Group,Buy,1,868.0,868.0
Godrej Properties Ltd,3/28/2019,TAD Children Trust,Insider - Promoter Group,Buy,1,868.0,868.0
Godrej Properties Ltd,3/29/2019,RNG Family Trust,Insider - Promoter Group,Buy,1,826.0,826.0
Godrej Properties Ltd,3/28/2019,JNG Family Trust,Insider - Promoter Group,Buy,1,870.0,870.0
Godrej Properties Ltd,3/28/2019,FVC Children Trust,Insider - Promoter Group,Buy,1,868.0,868.0
Godrej Properties Ltd,3/29/2019,PG Children Trust,Insider - Promoter Group,Buy,1,825.0,825.0
Godrej Properties Ltd,3/28/2019,VMC Family Trust,Insider - Promoter Group,Buy,1,868.0,868.0
Godrej Properties Ltd,3/28/2019,NVC Children Trust,Insider - Promoter Group,Buy,1,868.0,868.0
Godrej Properties Ltd,3/28/2019,NG Children Trust,Insider - Promoter Group,Buy,1,868.0,868.0
Godrej Properties Ltd,3/28/2019,PG Lineage Trust,Insider - Promoter Group,Buy,1,867.0,867.0
Godrej Properties Ltd,3/28/2019,PJG Family Trust,Insider - Promoter Group,Buy,1,870.0,870.0
Godrej Properties Ltd,3/28/2019,BNG Successor Trust,Insider - Promoter Group,Buy,1,868.0,868.0
Godrej Properties Ltd,3/28/2019,BNG Lineage Trust,Insider - Promoter Group,Buy,1,868.0,868.0
Godrej Properties Ltd,3/28/2019,RJG Family Trust,Insider - Promoter Group,Buy,1,868.0,868.0
Godrej Properties Ltd,3/28/2019,SGC Family Trust,Insider - Promoter Group,Buy,1,868.0,868.0
HDFC Bank Ltd,12/24/2018,prajith Chandrasekhar,Insider - Designated Person,Sell,24,46800.0,1950.0
V Guard Industries Ltd,8/3/2020,T B SRIKKANTH,Insider - Designated Person,Buy,2,333.0,166.5
Orient Electric Ltd,3/29/2023,RAKESH KHANNA,Insider - Director,Sell,1,274.0,274.0
HDFC Life Insurance Company Ltd,12/2/2022,PANKAJ GUPTA,Insider - Designated Person,Sell,10,5910.0,591.0
Brigade Enterprises Ltd,7/16/2021,HEMAVATHI V,Insider - Employee,Buy,1,345.0,345.0
Brigade Enterprises Ltd,8/20/2021,HEMAVATHI V,Insider - Employee,Sell,1,319.0,319.0
Brigade Enterprises Ltd,7/20/2021,HEMAVATHI V,Insider - Employee,Sell,1,318.0,318.0
HDFC Asset Management Company Ltd,9/4/2018,RAJBIR SINGH,Insider - Employee,Sell,1,1759.0,1759.0
Housing Development Finance Corporation Ltd,11/28/2018,SATISH BARAGI DEVANNA,Insider - Employee,Sell,8,15416.0,1927.0
Housing Development Finance Corporation Ltd,3/13/2019,SASHANK DRONADULA,Insider - Employee,Sell,8,14944.0,1868.0
HDFC Bank Ltd,9/18/2017,Jignesh Jayantilal Doshi,Insider - Employee,Sell,25,42000.0,1680.0
HDFC Bank Ltd,9/20/2017,Jignesh Jayantilal Doshi,Insider - Employee,Sell,25,42000.0,1680.0
HDFC Bank Ltd,9/21/2017,Shaji Balakrishnan,Insider - Employee,Sell,25,45172.0,1806.88
HDFC Bank Ltd,3/15/2017,Jignesh Jayantilal Doshi,Insider - Employee,Sell,25,35000.0,1400.0
Larsen & Toubro Ltd,9/12/2022,PRATIMA MEHTA,Insider - Immediate Relative,Sell,7,13720.0,1960.0
Ujaas Energy Ltd,2/2/2022,ALPHA LEON ENTERPRISES LLP,Bulk,Sell,1,5.0,5.9
Ujaas Energy Ltd,6/9/2021,GUNDLAPALLI SHOWRAIAH BABU,Bulk,Buy,1,3.0,3.45
Indusind Bank Ltd,6/8/2017,M.K Madhavan,Insider - Employee,Sell,3,4590.0,1530.0
Housing Development Finance Corporation Ltd,2/7/2017,Saurav,Insider - Employee,Sell,8,11264.0,1408.0
Vikas Ecotech Ltd,7/20/2021,TOPGAIN FINANCE PRIVATE LIMITED,Bulk,Buy,2,3.0,1.97
Godrej Agrovet Ltd,9/30/2019,JNG Family Trust,Insider - Promoter Group,Buy,1,474.0,474.0
Godrej Agrovet Ltd,9/30/2019,PJG Family Trust,Insider - Promoter Group,Buy,1,474.0,474.0
Godrej Agrovet Ltd,9/30/2019,RJG Family Trust,Insider - Promoter Group,Buy,1,474.0,474.0
Godrej Agrovet Ltd,9/30/2019,BNG Successor Trust,Insider - Promoter Group,Buy,1,476.0,476.0
Godrej Agrovet Ltd,9/30/2019,PG Lineage Trust,Insider - Promoter Group,Buy,1,476.0,476.0
Godrej Agrovet Ltd,9/30/2019,NBG Family Trust,Insider - Promoter Group,Buy,1,476.0,476.0
Godrej Agrovet Ltd,9/30/2019,SNG Successor Trust,Insider - Promoter Group,Buy,1,476.0,476.0
Godrej Agrovet Ltd,9/30/2019,RNG Family Trust,Insider - Promoter Group,Buy,1,476.0,476.0
Godrej Agrovet Ltd,9/30/2019,SNG Lineage Trust,Insider - Promoter Group,Buy,1,476.0,476.0
Godrej Agrovet Ltd,9/30/2019,NG Children Trust,Insider - Promoter Group,Buy,1,476.0,476.0
Godrej Agrovet Ltd,9/30/2019,ABG Family Trust,Insider - Promoter Group,Buy,1,476.0,476.0
Godrej Agrovet Ltd,9/30/2019,NVC Children Trust,Insider - Promoter Group,Buy,1,474.0,474.0
Godrej Agrovet Ltd,9/30/2019,TAD Children Trust,Insider - Promoter Group,Buy,1,476.0,476.0
Godrej Agrovet Ltd,9/30/2019,PG Children Trust,Insider - Promoter Group,Buy,1,476.0,476.0
Godrej Agrovet Ltd,9/30/2019,NJG Family Trust,Insider - Promoter Group,Buy,1,474.0,474.0
Godrej Agrovet Ltd,9/30/2019,VMC Family Trust,Insider - Promoter Group,Buy,1,474.0,474.0
Godrej Agrovet Ltd,9/30/2019,BNG Lineage Trust,Insider - Promoter Group,Buy,1,476.0,476.0
Godrej Agrovet Ltd,9/30/2019,FVC Children Trust,Insider - Promoter Group,Buy,1,474.0,474.0
Godrej Agrovet Ltd,9/30/2019,SGC Family Trust,Insider - Promoter Group,Buy,1,474.0,474.0
Yes Bank Ltd,10/8/2018,Gautam Jain,Insider - Employee,Buy,12,2652.0,221.0
Axis Bank Ltd,6/15/2023,MORGAN STANLEY INVESTMENT FUNDS COUNTERPOINT GLOBAL FUND,Block,Buy,16,15488.0,968.0
HCL Technologies Ltd,7/4/2017,C Ranganayaki,Insider - Immediate Relative,Sell,15,15000.0,1000.0
Tata Consultancy Services Ltd,11/10/2020,Sonali Malik,Insider - Immediate Relative,Buy,20,53320.0,2666.0
Tata Consultancy Services Ltd,11/10/2020,Sonali Malik,Insider - Immediate Relative,Buy,20,53087.0,2654.35
Mphasis Ltd,9/14/2020,Kathryn Airth Terry,Insider - Designated Person,Sell,1,1188.0,1188.0
Indus Towers Ltd,10/12/2017,Ravinder Hooda,Insider - Employee,Sell,10,4188.0,418.8
Infosys Ltd,3/13/2019,Andrew Groth,Insider - Designated Person,Sell,24,17778.0,740.75
Housing Development Finance Corporation Ltd,1/12/2022,ANITHA RAMABHADRAN,Insider - Immediate Relative,Buy,10,27375.0,2737.5
Housing Development Finance Corporation Ltd,12/6/2017,Hari Shankar Prasad,Insider - Employee,Sell,9,14837.0,1648.56
Larsen & Toubro Ltd,9/8/2022,PRATIMA MEHTA,Insider - Immediate Relative,Sell,8,15704.0,1963.0
Prakash Steelage Ltd,8/1/2012,HARIDARSHAN SALES PVT LTD,Bulk,Buy,1,155.0,155.45
HDFC Bank Ltd,2/14/2019,Prajith Chandrasekhar,Insider - Employee,Sell,30,58500.0,1950.0
Axis Bank Ltd,6/15/2023,MORGAN STANLEY INVESTMENT FUNDS COUNTERPOINT GLOBAL FUND,Block,Buy,18,17424.0,968.0
HDFC Life Insurance Company Ltd,11/1/2021,DHAVALRAI TRIVEDI,Insider - Immediate Relative,Buy,12,8275.0,689.58
Suncare Traders Ltd,5/19/2021,ALKA RAWAT,Bulk,Sell,1,0.0,0.6
PNB Housing Finance Ltd,6/2/2021,DIPPIKA A SHARMA,Insider - Designated Person,Sell,1,670.0,670.0
Mahindra and Mahindra Financial Services Ltd,3/25/2019,Suresh Shanmugam,Insider - Designated Person,Sell,6,2479.0,413.17
Housing Development Finance Corporation Ltd,5/24/2018,SUDIPTO KUMAR DAS,Insider - Employee,Sell,10,18031.0,1803.1
Housing Development Finance Corporation Ltd,5/15/2018,DEEPAK B,Insider - Employee,Sell,10,19368.0,1936.8
Housing Development Finance Corporation Ltd,5/15/2018,DEEPAK B,Insider - Employee,Sell,10,19400.0,1940.0
Housing Development Finance Corporation Ltd,6/26/2018,NEHA TRIPATHI,Insider - Employee,Sell,10,19152.0,1915.2
Housing Development Finance Corporation Ltd,11/5/2018,SANDEEP SATSANGI,Insider - Employee,Sell,10,17794.0,1779.4
Housing Development Finance Corporation Ltd,11/27/2018,ADITI AGARWAL,Insider - Employee,Sell,10,19020.0,1902.0
Housing Development Finance Corporation Ltd,11/26/2018,GOWTAM KANNURI,Insider - Employee,Sell,10,18850.0,1885.0
Housing Development Finance Corporation Ltd,11/28/2018,GOWTAM KANNURI,Insider - Employee,Sell,10,19160.0,1916.0
Housing Development Finance Corporation Ltd,12/31/2018,ARPIT TANDON,Insider - Employee,Sell,10,19692.0,1969.2
Housing Development Finance Corporation Ltd,11/27/2018,ADITI GUPTA,Insider - Employee,Sell,10,19250.0,1925.0
Housing Development Finance Corporation Ltd,11/12/2018,SANJIV KUMAR SINHA,Insider - Employee,Sell,10,17901.0,1790.1
Housing Development Finance Corporation Ltd,11/28/2018,GOWTAM KANNURI,Insider - Employee,Sell,10,19220.0,1922.0
Housing Development Finance Corporation Ltd,3/13/2019,SHYAM KUMAR V,Insider - Employee,Sell,10,19550.0,1955.0
Housing Development Finance Corporation Ltd,11/16/2018,SOMA SUNDAR B T,Insider - Employee,Sell,10,18890.0,1889.0
Housing Development Finance Corporation Ltd,11/19/2018,SOMA SUNDAR B T,Insider - Employee,Sell,10,19050.0,1905.0
Housing Development Finance Corporation Ltd,6/22/2018,DEEPAK B,Insider - Employee,Sell,10,18750.0,1875.0
Housing Development Finance Corporation Ltd,11/29/2018,ROHIT HARISHCHANDRA PATIL,Insider - Employee,Sell,10,19650.0,1965.0
Housing Development Finance Corporation Ltd,5/3/2018,SUHANI UPADHYAY,Insider - Immediate Relative,Buy,10,19249.0,1924.9
Housing Development Finance Corporation Ltd,11/6/2018,DEEPANKAR JOSHI,Insider - Employee,Sell,10,18106.0,1810.6
Housing Development Finance Corporation Ltd,11/28/2018,GOWTAM KANNURI,Insider - Employee,Sell,10,19050.0,1905.0
Housing Development Finance Corporation Ltd,5/28/2018,PRASANNA K C,Insider - Employee,Sell,10,18300.0,1830.0
Housing Development Finance Corporation Ltd,11/13/2018,ABHINAV MEHRA,Insider - Employee,Sell,10,18200.0,1820.0
Housing Development Finance Corporation Ltd,11/21/2018,ADITI AGARWAL,Insider - Employee,Sell,10,18840.0,1884.0
Housing Development Finance Corporation Ltd,11/28/2018,GOWTAM KANNURI,Insider - Employee,Sell,10,19300.0,1930.0
Housing Development Finance Corporation Ltd,3/11/2019,JITENDRA SAI KOMMINENI,Insider - Employee,Sell,10,18970.0,1897.0
Housing Development Finance Corporation Ltd,5/8/2018,SUJIR UDAYANAND,Insider - Designated Person,Sell,10,19006.0,1900.6
Housing Development Finance Corporation Ltd,7/4/2018,MANECK MADHOK,Insider - Immediate Relative,Sell,10,19080.0,1908.0
Housing Development Finance Corporation Ltd,5/14/2018,DEEPAK B,Insider - Employee,Sell,10,19230.0,1923.0
Housing Development Finance Corporation Ltd,5/14/2018,DEEPAK B,Insider - Employee,Sell,10,19350.0,1935.0
Housing Development Finance Corporation Ltd,6/21/2018,DEEPAK B,Insider - Employee,Sell,10,18750.0,1875.0
HDFC Bank Ltd,12/29/2015,Suraj Rangnekar,Insider - Employee,Sell,30,31500.0,1050.0
Johnson Pharmacare Ltd,1/24/2022,ALPHA LEON ENTERPRISES LLP,Bulk,Buy,3,3.0,1.28
Bajaj Finance Ltd,3/9/2016,Ratikanta Satapathy,Insider - Designated Person,Sell,3,18735.0,6245.0
Biogen Pharmachem Industries Ltd,6/17/2021,ALPHA LEON ENTERPRISES LLP,Bulk,Buy,4,1.0,0.34
ITC Ltd,8/12/2016,Arindam Mukherjee,Insider - Employee,Buy,75,4.99,6652.0
ITC Ltd,9/1/2016,Arindam Mukherjee,Insider - Employee,Sell,75,7.71,10282.23
Religare Enterprises Ltd,6/21/2023,Pawan Seth,Insider - Employee,Sell,2,350.0,175.0
Housing Development Finance Corporation Ltd,3/9/2018,ADITI DONGARE,Insider - Employee,Sell,10,18181.0,1818.1
Housing Development Finance Corporation Ltd,2/21/2018,Deepak B,Insider - Employee,Sell,10,18250.0,1825.0
Housing Development Finance Corporation Ltd,6/12/2017,Bhatt Devi Prasad,Insider - Employee,Sell,10,16510.0,1651.0
Housing Development Finance Corporation Ltd,3/9/2018,ADITI DONGARE,Insider - Employee,Sell,10,18250.0,1825.0
Housing Development Finance Corporation Ltd,8/3/2017,Bhumika Mahendru,Insider - Employee,Sell,10,17425.0,1742.5
Housing Development Finance Corporation Ltd,8/23/2017,Deepak B,Insider - Employee,Sell,10,17620.0,1762.0
Housing Development Finance Corporation Ltd,2/9/2018,Sivakumar T,Insider - Employee,Sell,10,17666.0,1766.6
Housing Development Finance Corporation Ltd,3/6/2018,ADITI DONGARE,Insider - Employee,Sell,10,18150.0,1815.0
Housing Development Finance Corporation Ltd,2/19/2018,SIVAKUMAR T,Insider - Employee,Sell,10,18165.0,1816.5
Housing Development Finance Corporation Ltd,2/27/2018,VENKATARAMANI M,Insider - Employee,Sell,10,18320.0,1832.0
Housing Development Finance Corporation Ltd,3/8/2018,ADITI DONGARE,Insider - Employee,Sell,10,17900.0,1790.0
Housing Development Finance Corporation Ltd,12/11/2017,SANJIV KUMAR SINHA,Insider - Employee,Sell,10,17000.0,1700.0
Housing Development Finance Corporation Ltd,11/23/2017,KAVITHA MAHESH PATKI,Insider - Employee,Sell,10,17150.0,1715.0
Housing Development Finance Corporation Ltd,3/27/2018,Deepak B,Insider - Employee,Sell,10,18400.0,1840.0
Housing Development Finance Corporation Ltd,6/12/2017,Patel Ghanshyam J,Insider - Employee,Sell,10,16425.0,1642.5
Housing Development Finance Corporation Ltd,3/8/2018,ADITI DONGARE,Insider - Employee,Sell,10,18017.0,1801.7
Housing Development Finance Corporation Ltd,3/26/2018,Bhosale Rohit Ramesh,Insider - Employee,Sell,10,17836.0,1783.6
Housing Development Finance Corporation Ltd,3/13/2018,JITENDRA SAI KOMMINENI,Insider - Employee,Sell,10,18660.0,1866.0
Housing Development Finance Corporation Ltd,9/8/2017,Bhavik Dilipbhai Daxini,Insider - Employee,Sell,10,17888.0,1788.8
Housing Development Finance Corporation Ltd,3/9/2018,ADITI DONGARE,Insider - Employee,Sell,10,18189.0,1818.9
Housing Development Finance Corporation Ltd,3/21/2018,Deepak B,Insider - Employee,Sell,10,18250.0,1825.0
Alka India Ltd,1/4/2022,ALPHA LEON ENTERPRISES LLP,Bulk,Buy,4,13.0,3.47
Housing Development Finance Corporation Ltd,9/29/2016,Senthil Kumar G,Insider - Employee,Sell,10,13831.0,1383.1
Housing Development Finance Corporation Ltd,2/9/2017,Vimmi Batra,Insider - Employee,Sell,10,14160.0,1416.0
Housing Development Finance Corporation Ltd,6/21/2016,Anubhab Maitra,Insider - Designated Person,Sell,10,12386.0,1238.6
Housing Development Finance Corporation Ltd,2/15/2017,Deepak B,Insider - Employee,Sell,10,14000.0,1400.0
Housing Development Finance Corporation Ltd,3/15/2017,Sudha V,Insider - Employee,Sell,10,14236.0,1423.6
Housing Development Finance Corporation Ltd,3/15/2017,Aneesh R L,Insider - Employee,Sell,10,14350.0,1435.0
Housing Development Finance Corporation Ltd,8/31/2016,Gajananprasad Ratnakar Anekar,Insider - Employee,Sell,10,14091.0,1409.1
Housing Development Finance Corporation Ltd,12/12/2016,Vedant Girdhari Lal Bhandari,Insider - Employee,Sell,10,12758.0,1275.8
Housing Development Finance Corporation Ltd,3/21/2017,Deepak B,Insider - Employee,Sell,10,14670.0,1467.0
Housing Development Finance Corporation Ltd,3/28/2017,Deepak B,Insider - Employee,Sell,10,14950.0,1495.0
Housing Development Finance Corporation Ltd,12/7/2016,SHAH MAHESH H,Insider - Employee,Sell,10,12790.0,1279.0
Housing Development Finance Corporation Ltd,2/9/2017,Ameet Ravindranath Vedpathak,Insider - Employee,Sell,10,14030.0,1403.0
Housing Development Finance Corporation Ltd,3/15/2017,Nayak Lata K,Insider - Employee,Sell,10,14350.0,1435.0
Housing Development Finance Corporation Ltd,2/17/2017,P Vijayan Xavier,Insider - Employee,Sell,10,14210.0,1421.0
Tata Consultancy Services Ltd,1/24/2018,Nitya Jain,Insider - Designated Person,Sell,25,80707.0,3228.28
Tata Consultancy Services Ltd,1/29/2018,Rohit Kumar Jain,Insider - Immediate Relative,Sell,25,80475.0,3219.0
Housing Development Finance Corporation Ltd,3/10/2016,Chandra Anurag,Insider - Designated Person,Sell,10,11550.0,1155.0
Mahindra and Mahindra Ltd,12/27/2018,Kinnar Rathod,Insider - Employee,Buy,7,5566.0,795.14
Antarctica Ltd,8/29/2023,MULTIPLIER SHARE & STOCK ADVISORS PRIVATE LIMITED,Bulk,Buy,1,1.0,1.0
Sturdy Industries Ltd,1/4/2023,MULTIPLIER SHARE & STOCK ADVISORS PRIVATE LIMITED,Bulk,Buy,1,0.0,0.67
Indusind Bank Ltd,2/13/2019,SUNDAR RAJA MANI,Insider - Employee,Sell,4,5959.0,1489.75
Indusind Bank Ltd,2/13/2019,SUNDAR RAJA MANI,Insider - Employee,Sell,4,5961.0,1490.25
ITC Ltd,5/11/2018,KAUSHIK MUKHERJEE,Insider - Employee,Sell,83,23514.0,283.3
Max Ventures and Industries Ltd,8/18/2020,Atul Lall,Insider - Employees Immediate Relative,Buy,1,38.0,38.0
Varun Beverages Ltd,6/26/2020,RAVI KANT JAIPURIA AND SONS HUF,Insider - Promoter,Sell,2,1371.0,685.5
Varun Beverages Ltd,6/26/2020,RAVI KANT JAIPURIA AND SONS HUF,Insider - Promoter,Sell,2,1374.0,687.0
Varun Beverages Ltd,6/26/2020,RAVI KANT JAIPURIA AND SONS HUF,Insider - Promoter,Sell,2,1380.0,690.0
Varun Beverages Ltd,6/26/2020,DEVYANI JAIPURIA,Insider - Promoter Group,Sell,2,1407.0,703.5
Varun Beverages Ltd,6/26/2020,RAVI KANT JAIPURIA AND SONS HUF,Insider - Promoter,Sell,2,1372.0,686.0
Varun Beverages Ltd,6/26/2020,RAVI KANT JAIPURIA AND SONS HUF,Insider - Promoter,Sell,2,1370.0,685.0
Varun Beverages Ltd,6/26/2020,DEVYANI JAIPURIA,Insider - Promoter Group,Sell,2,1377.0,688.5
Varun Beverages Ltd,6/26/2020,RAVI KANT JAIPURIA AND SONS HUF,Insider - Promoter,Sell,2,1379.0,689.5
Tata Consultancy Services Ltd,5/22/2020,Sukanya Lakshminarayanan,Insider - Designated Person,Buy,26,51604.0,1984.77
Housing Development Finance Corporation Ltd,3/27/2017,Kartik Radhakrishnan,Insider - Employee,Sell,11,16036.0,1457.82
Housing Development Finance Corporation Ltd,3/28/2017,Abhimanyu Kukreja,Insider - Employee,Sell,11,16557.0,1505.18
AU Small Finance Bank Ltd,12/7/2018,Kamaljeet Singh,Insider - Employee,Sell,2,1215.0,607.5
ITC Ltd,11/22/2019,SAMRAT BANERJEE,Insider - Employee,Sell,86,21328.0,248.0
Uttam Galva Steels Ltd,6/29/2021,ANKITA VISHAL SHAH,Bulk,Sell,1,5.0,5.35
Uttam Galva Steels Ltd,7/6/2021,PARTH INFIN BROKERS PVT. LTD.,Bulk,Buy,1,4.0,4.13
Larsen & Toubro Ltd,3/17/2023,CYRUS J DADACHANJI,Insider - Designated Person,Sell,10,21953.0,2195.3
Larsen & Toubro Ltd,3/22/2023,CYRUS J DADACHANJI,Insider - Designated Person,Sell,10,22191.0,2219.1
Larsen & Toubro Ltd,2/17/2023,AKASH JAIN,Insider - Designated Person,Sell,10,22250.0,2225.0
Larsen & Toubro Ltd,1/18/2021,SANDEEP DIPANKAR,Insider - Designated Person,Buy,10,13371.0,1337.1
Larsen & Toubro Ltd,1/29/2021,SANDEEP DIPANKAR,Insider - Designated Person,Buy,10,13367.0,1336.7
Larsen & Toubro Ltd,1/19/2021,SANDEEP DIPANKAR,Insider - Designated Person,Sell,10,13651.0,1365.1
Larsen & Toubro Ltd,10/26/2018,GAGANDEEP KAUR,Insider - Immediate Relative,Buy,10,12052.0,1205.2
Larsen & Toubro Ltd,11/28/2018,GAGANDEEP KAUR,Insider - Immediate Relative,Sell,10,14157.0,1415.7
UltraTech Cement Ltd,7/8/2019,Birla Group Holdings Private Limited,Insider - Promoter,Buy,2,168.0,84.0
Eicher Motors Ltd,3/6/2018,Samrat Som,Insider - Employee,Sell,2,55400.0,27700.0
Surana Telecom and Power Ltd,9/30/2017,Narender Surana,Insider - Promoter & Director,Buy,1,5.0,5.0
Yes Bank Ltd,9/12/2018,Shiva Lodhi,Insider - Employee,Buy,17,5323.0,313.12
Star Housing Finance Ltd,3/21/2023,Nirmal Kumar Jain,Insider - Promoter,Sell,1,46.0,46.0
Star Housing Finance Ltd,5/5/2023,Nirmal Kumar Jain,Insider - Promoter,Sell,1,47.0,47.0
Jubilant Foodworks Ltd,9/3/2018,PUSHKAR MALHOTRA,Insider - Designated Person,Sell,1,1551.0,1551.0
Tata Consultancy Services Ltd,11/6/2020,Arun Kumar Malik,Insider - Immediate Relative,Buy,29,78453.0,2705.28
Wipro Ltd,8/9/2016,Keyur Maniar,Insider - Employee,Sell,51,28050.0,550.0
Housing Development Finance Corporation Ltd,11/5/2018,C L SRILEKHA,Insider - Employee,Sell,13,23144.0,1780.31
Reliance Industries Ltd,9/5/2020,Sanjeev Vijayvargia,Insider - Designated Person,Sell,50,1.1,2190.0
Larsen & Toubro Ltd,3/17/2023,CYRUS J DADACHANJI,Insider - Designated Person,Sell,11,24151.0,2195.55
RBL Bank Ltd,8/31/2020,PALLAV SINHA,Insider - Designated Person,Sell,4,784.0,196.0
Reliance Capital Ltd,6/28/2021,MANSI SHARES & STOCK ADVISORS PVT LTD,Bulk,Sell,2,51.0,25.65
Samvardhana Motherson International Ltd,11/1/2018,ALOK GOEL,Insider - KMP,Buy,25,4383.0,175.32
Indian Infotech and Software Ltd,7/30/2021,ALPHA LEON ENTERPRISES LLP,Bulk,Sell,8,11.0,1.46
Crompton Greaves Consumer Electricals Ltd,11/11/2019,SHAJI ABRAHAM,Insider - Designated Person,Sell,5,1291.0,258.2
HDFC Bank Ltd,11/24/2015,Suraj Rangnekar,Insider - Employee,Sell,40,42000.0,1050.0
Tata Consultancy Services Ltd,5/28/2020,Sukanya Lakshminarayanan,Insider - Designated Person,Buy,30,59794.0,1993.13
Rollatainers Ltd,10/8/2021,ALPHA LEON ENTERPRISES LLP,Bulk,Buy,2,5.0,2.63
RITES Ltd,7/2/2018,Pawan Kr. Mishra,Insider - Employee,Sell,2,443.0,221.5
Johnson Pharmacare Ltd,1/5/2022,ALPHA LEON ENTERPRISES LLP,Bulk,Buy,4,2.0,0.74
RITES Ltd,7/17/2018,Pawan Kr. Mishra,Insider - Employee,Buy,2,389.0,194.7
Johnson Pharmacare Ltd,2/4/2022,ALPHA LEON ENTERPRISES LLP,Bulk,Buy,4,5.0,1.38
Ashika Credit Capital Ltd,11/6/2017,INDRA PRATAP SINGH (HUF),Bulk,Sell,5,134.0,26.9
Reliance Naval and Engineering Ltd,5/18/2020,ALPHA LEON ENTERPRISES LLP,Bulk,Buy,6,6.0,1.06
Housing Development Finance Corporation Ltd,8/7/2017,DUTTA DIPTA,Insider - Employee,Sell,13,22441.0,1726.23
ITC Ltd,9/25/2018,SURJEET SINGH RORIA,Insider - Employee,Sell,100,30075.0,300.75
ITC Ltd,4/19/2018,DHANANJOY SAMANTA,Insider - Employee,Sell,100,27770.0,277.7
ITC Ltd,8/3/2018,R. RAJASEKHAR,Insider - Employee,Sell,100,30424.0,304.24
ITC Ltd,1/11/2019,HARIT SHROFF,Insider - Employee,Sell,100,29498.0,294.98
ITC Ltd,8/13/2018,RAJESH AGARWAL,Insider - Employee,Sell,100,30625.0,306.25
ITC Ltd,7/25/2018,D. JOHN ROBERT,Insider - Employee,Sell,100,28600.0,286.0
ITC Ltd,8/2/2018,D. JOHN ROBERT,Insider - Employee,Sell,100,30115.0,301.15
ITC Ltd,8/10/2018,HARIT SHROFF,Insider - Employee,Sell,100,30650.0,306.5
ITC Ltd,9/10/2018,MADHUSUDHANA RAO TUNUGUNTLA,Insider - Employee,Sell,100,30600.0,306.0
ITC Ltd,4/5/2018,ANMOL SINGH GREWAL,Insider - Employee,Sell,100,25870.0,258.7
ITC Ltd,8/17/2018,MADHUSUDHANA RAO TUNUGUNTLA,Insider - Employee,Sell,100,31500.0,315.0
ITC Ltd,8/14/2018,R. RAJASEKHAR,Insider - Employee,Sell,100,30922.0,309.22
ITC Ltd,8/20/2018,D. JOHN ROBERT,Insider - Employee,Sell,100,31400.0,314.0
ITC Ltd,2/28/2019,VIVEK PATNI,Insider - Employee,Sell,100,27575.0,275.75
ITC Ltd,3/11/2019,SANJEEV K. NAYAR,Insider - Employee,Sell,100,29312.0,293.12
ITC Ltd,3/11/2019,D. JOHN ROBERT,Insider - Employee,Sell,100,29300.0,293.0
ITC Ltd,8/6/2018,D. JOHN ROBERT,Insider - Employee,Sell,100,30525.0,305.25
ITC Ltd,8/17/2018,R. RAJASEKHAR,Insider - Employee,Sell,100,31421.0,314.21
ITC Ltd,1/11/2019,V.V. SUBRAMANYAM,Insider - Employee,Sell,100,29600.0,296.0
ITC Ltd,8/9/2018,DHANANJOY SAMANTA,Insider - Employee,Sell,100,30450.0,304.5
ITC Ltd,8/17/2018,RAMASAMY SAMBASIVAM ANNADURAI,Insider - Employee,Sell,100,31365.0,313.65
ITC Ltd,4/2/2018,DHANANJOY SAMANTA,Insider - Employee,Sell,100,25800.0,258.0
ITC Ltd,3/12/2019,SANJEEV K. NAYAR,Insider - Employee,Sell,100,29412.0,294.12
ITC Ltd,3/20/2019,PRASHANT MISHRA,Insider - Employee,Sell,100,30000.0,300.0
ITC Ltd,1/9/2018,D. JOHN ROBERT,Insider - Employee,Sell,100,26800.0,268.0
ITC Ltd,7/19/2017,KHALID HUSAIN KHAN,Insider - Employee,Sell,100,28942.0,289.42
ITC Ltd,1/18/2018,SURJEET SINGH RORIA,Insider - Employee,Sell,100,27215.0,272.15
ITC Ltd,3/13/2018,SURJEET SINGH RORIA,Insider - Employee,Sell,100,27040.0,270.4
ITC Ltd,1/15/2018,Hitesh Jain,Insider - Employee,Sell,100,27000.0,270.0
ITC Ltd,1/8/2018,D. JOHN ROBERT,Insider - Employee,Sell,100,26600.0,266.0
ITC Ltd,1/31/2017,D. John Robert,Insider - Employee,Sell,100,25850.0,258.5
Kwality Ltd,11/2/2018,SWAPNIL MEHTA,Bulk,Sell,2,12.0,6.23
Mahindra and Mahindra Ltd,11/22/2017,Rajesh Upadhyay,Insider - Employee,Sell,9,1.65,18340.37
Housing Development Finance Corporation Ltd,2/24/2022,VENKATESHWARAN N,Insider - Designated Person,Sell,15,35184.0,2345.6
Housing Development Finance Corporation Ltd,2/23/2022,VENKATESHWARAN N,Insider - Designated Person,Sell,15,36630.0,2442.0
Housing Development Finance Corporation Ltd,3/9/2022,VENKATESHWARAN N,Insider - Designated Person,Sell,15,32580.0,2172.0
MFL India Ltd,12/6/2021,ALPHA LEON ENTERPRISES LLP,Bulk,Buy,3,1.0,0.58
Indusind Bank Ltd,2/13/2019,SUNDAR RAJA MANI,Insider - Employee,Sell,5,7449.0,1489.8
Indusind Bank Ltd,2/13/2019,SUNDAR RAJA MANI,Insider - Employee,Sell,5,7448.0,1489.6
Indusind Bank Ltd,2/21/2019,SUNDAR RAJA MANI,Insider - Employee,Sell,5,7397.0,1479.4
Bajaj Finance Ltd,2/17/2021,Shri Digesh Dave,Insider - Designated Person,Sell,5,28675.0,5735.0
Bajaj Finance Ltd,3/10/2021,Shri Digesh Dave,Insider - Designated Person,Sell,5,27800.0,5560.0
Bajaj Finance Ltd,3/16/2021,Shri Digesh Dave,Insider - Designated Person,Sell,5,27476.0,5495.2
Reliance Industries Ltd,3/23/2020,Ritesh Shiyal,Insider - Designated Person,Buy,50,46250.0,925.0
Reliance Industries Ltd,6/12/2018,Sanjeev Moreshwar Dandekar,Insider - Employee,Sell,50,49950.0,999.0
Reliance Industries Ltd,1/25/2019,Sanjeev Vijayvargia,Insider - Other,Sell,50,62350.0,1247.0
Reliance Industries Ltd,1/30/2019,Sanjeev Vijayvargia,Insider - Other,Sell,50,62350.0,1247.0
Reliance Industries Ltd,6/15/2018,Pankaj Kumar Shrivastava,Insider - Designated Person,Sell,50,51100.0,1022.0
Reliance Industries Ltd,6/15/2018,Pankaj Kumar Shrivastava,Insider - Designated Person,Sell,50,50985.0,1019.7
Reliance Industries Ltd,6/16/2017,Surinder Singh Saini,Insider - Other,Sell,50,69500.0,1390.0
Reliance Industries Ltd,7/6/2017,Naresh Kumar Narang,Insider - Other,Sell,50,72303.0,1446.06
Reliance Industries Ltd,10/19/2017,Surinder Singh Saini,Insider - Other,Sell,50,45768.0,915.36
Reliance Industries Ltd,7/25/2017,Naresh Kumar Narang,Insider - Other,Sell,50,80500.0,1610.0
Axis Bank Ltd,3/8/2017,Maxim Pinto,Insider - Employee,Buy,20,5.85,29240.5
Mahindra and Mahindra Ltd,10/4/2016,Mr. Sanjay Narayan Galwankar,Insider - Employee,Sell,10,14480.0,1448.0
Mahindra and Mahindra Ltd,1/7/2016,Sunil Chahure,Insider - Employee,Buy,10,11900.0,1190.0
Axis Bank Ltd,6/15/2023,MORGAN STANLEY INSTITUTIONAL FUND INC. COUNTERPOINT GLOBAL PORTFOLIO,Block,Buy,26,25168.0,968.0
Hindustan Unilever Ltd,8/3/2023,Gajendra Pal Singh,Insider - Designated Person,Buy,20,50780.0,2539.0
BCL Enterprises Ltd,4/20/2022,ZEEL PRADIPKUMAR SHAH,Bulk,Buy,1,4.0,4.65
Larsen & Toubro Ltd,7/10/2015,BHARGAVA MUKESH CMDR,Insider - Employee,Sell,12,22334.0,1861.17
HDFC Bank Ltd,3/25/2019,Pranesh A Rao,Insider - Employee,Sell,45,1.0,2230.0
India Pesticides Ltd,9/15/2022,Adhiraj Swarup Agarwal,Insider - Immediate Relative,Sell,1,304.0,304.0
Housing Development Finance Corporation Ltd,12/13/2019,VENKATESHWARAN N,Insider - Designated Person,Sell,15,35401.0,2360.07
Bajaj Electricals Ltd,4/26/2022,ADARSH KUMAR SINGHAL,Insider - Designated Person,Sell,1,1070.0,1070.0
Apollo Tyres Limited,10/15/2018,CLASSIC AUTOTUBES LTD.,Insider - Promoter Group,Buy,5,1088.0,217.6
UNO Minda Ltd,8/17/2022,Ramneek Jain,Insider - Employee,Buy,5,2800.0,560.0
HCL Technologies Ltd,6/15/2017,Amit Roy,Insider - Employee,Sell,25,21035.0,841.4
Grasim Industries Ltd,1/9/2017,Sanjay Kumar Verma,Insider - Employee,Buy,5,2279.0,455.8
Housing Development Finance Corporation Ltd,2/2/2017,Ayon Fouzdar,Insider - Employee,Sell,14,19517.0,1394.07
Housing Development Finance Corporation Ltd,3/17/2017,Sudha V,Insider - Employee,Sell,14,20339.0,1452.79
HDFC Bank Ltd,12/23/2016,Biju Jones C,Insider - Employee,Buy,45,4.08,9066.67
Godrej Industries Ltd,3/7/2017,R. V. Dubhashi,Insider - Employee,Sell,3,1437.0,479.0
Housing Development Finance Corporation Ltd,12/3/2018,TRIVEDI AMIT P,Insider - Employee,Sell,15,30255.0,2017.0
Housing Development Finance Corporation Ltd,11/29/2018,SAJIT S NAIR,Insider - Employee,Sell,15,29280.0,1952.0
Housing Development Finance Corporation Ltd,5/25/2018,PAULOMI BRAGANZA,Insider - Employee,Sell,15,27206.0,1813.73
Housing Development Finance Corporation Ltd,2/1/2019,SREENATH S,Insider - Employee,Sell,15,29355.0,1957.0
Housing Development Finance Corporation Ltd,12/13/2018,RAGHU SHARADHA,Insider - Designated Person,Sell,15,29385.0,1959.0
Housing Development Finance Corporation Ltd,5/3/2018,UTKARSH MACHHINDRA DEOKAR,Insider - Employee,Sell,15,28935.0,1929.0
Housing Development Finance Corporation Ltd,11/14/2018,SANJIV KUMAR SINHA,Insider - Employee,Sell,15,27641.0,1842.73
Housing Development Finance Corporation Ltd,12/21/2018,CHINTANKUMAR PRADIPKUMAR DAVE,Insider - Employee,Sell,15,29669.0,1977.93
Tech Mahindra Ltd,2/17/2020,Vikas Gupta,Insider - Designated Person,Sell,8,6625.0,828.13
NCL Research and Financial Services Ltd,12/15/2021,ALPHA LEON ENTERPRISES LLP,Bulk,Buy,5,7.0,1.54
NCL Research and Financial Services Ltd,12/13/2021,ALPHA LEON ENTERPRISES LLP,Bulk,Sell,5,8.0,1.67
Axis Bank Ltd,6/15/2023,MORGAN STANLEY INSTITUTIONAL FUND INC. COUNTERPOINT GLOBAL PORTFOLIO,Block,Buy,28,27104.0,968.0
Viaan Industries Ltd,12/4/2019,NAYSAA SECURITIES PRIVATE LIMITED,Bulk,Sell,1,3.0,3.29
Biogen Pharmachem Industries Ltd,7/7/2021,ALPHA LEON ENTERPRISES LLP,Bulk,Buy,6,3.0,0.56
Mahindra and Mahindra Ltd,1/24/2019,Kinnar Rathod,Insider - Employee,Buy,10,6951.0,695.1
Mahindra and Mahindra Ltd,8/16/2018,Ashok Kumar Singh,Insider - Employee,Sell,10,9600.0,960.0
Larsen & Toubro Ltd,5/3/2017,Surendra Babu P R,Insider - Employee,Sell,13,22245.0,1711.15
Larsen & Toubro Ltd,7/18/2016,BHARGAVA MUKESH CMDR,Insider - Employee,Sell,13,20566.0,1582.0
Orient Green Power Company Ltd,7/6/2021,ALPHA LEON ENTERPRISES LLP,Bulk,Buy,7,19.0,2.81
Tata Consultancy Services Ltd,5/18/2020,Sukanya Lakshminarayanan,Insider - Designated Person,Buy,35,67126.0,1917.89
Kotak Mahindra Bank Ltd,12/31/2019,Rajiv Thakker,Insider - Employee,Buy,18,22878.0,1271.0
Virtual Global Education Ltd,12/27/2021,ALPHA LEON ENTERPRISES LLP,Bulk,Buy,4,7.0,1.91
Housing Development Finance Corporation Ltd,8/14/2017,Abhay Kumar Singh,Insider - Employee,Sell,15,26072.0,1738.13
Housing Development Finance Corporation Ltd,2/20/2017,Vyas Deepak L,Insider - Employee,Sell,15,20910.0,1394.0
Housing Development Finance Corporation Ltd,3/15/2017,Sudha V,Insider - Employee,Sell,15,21353.0,1423.53
Housing Development Finance Corporation Ltd,9/6/2016,Uday Sharadrao Patil,Insider - Employee,Sell,15,21900.0,1460.0
Housing Development Finance Corporation Ltd,2/6/2017,Aditi Agarwal,Insider - Employee,Sell,15,21117.0,1407.8
Housing Development Finance Corporation Ltd,2/6/2017,Mangalam Vijay,Insider - Employee,Sell,15,20985.0,1399.0
HDFC Asset Management Company Ltd,9/6/2018,VIJAY SHIVAPPA PRABHU,Insider - Employee,Sell,2,3368.0,1684.0
Housing Development Finance Corporation Ltd,12/10/2015,Kikim H Gurung,Insider - Employee,Sell,15,5875.0,391.72
Yes Bank Ltd,9/10/2018,Shiva Lodhi,Insider - Employee,Buy,22,7180.0,326.36
Bajaj Electricals Ltd,9/28/2018,Abhishek Vasudev Singh,Insider - Employee,Sell,1,508.0,508.0
Avenue Supermarts Ltd,12/5/2017,Mangesh Narayan Ghorpade,Insider - Employee,Sell,6,6756.0,1126.0
Avenue Supermarts Ltd,12/4/2017,Mangesh Narayan Ghorpade,Insider - Employee,Buy,6,6674.0,1112.33
HDFC Bank Ltd,5/25/2018,Yonus Mangoli,Insider - Employee,Sell,50,97500.0,1950.0
HDFC Bank Ltd,3/18/2019,Jignesh Jayantilal Doshi,Insider - Employee,Sell,50,1.12,2230.0
Axis Bank Ltd,10/30/2019,Manish Jain,Insider - Other,Buy,25,14793.0,591.72
GV Films Ltd,1/14/2022,ALPHA LEON ENTERPRISES LLP,Bulk,Buy,9,13.0,1.45
Tata Consultancy Services Ltd,5/27/2020,Sukanya Lakshminarayanan,Insider - Designated Person,Buy,37,72462.0,1958.43
HDFC Bank Ltd,3/28/2017,Jignesh Jayantilal Doshi,Insider - Employee,Sell,50,70000.0,1400.0
HDFC Bank Ltd,12/15/2016,Arijit Sarkar,Insider - Employee,Sell,50,59000.0,1180.0
HDFC Bank Ltd,12/22/2016,Arijit Sarkar,Insider - Employee,Sell,50,59000.0,1180.0
HDFC Bank Ltd,1/30/2017,Shrikant G Sharma,Insider - Employee,Sell,50,62500.0,1250.0
HDFC Bank Ltd,3/30/2017,Jignesh Jayantilal Doshi,Insider - Employee,Sell,50,70000.0,1400.0
HDFC Bank Ltd,2/21/2017,Jignesh Jayantilal Doshi,Insider - Employee,Sell,50,70000.0,1400.0
HDFC Bank Ltd,12/23/2016,Arijit Sarkar,Insider - Employee,Sell,50,59000.0,1180.0
Indusind Bank Ltd,2/13/2019,SUNDAR RAJA MANI,Insider - Employee,Sell,6,8937.0,1489.5
Bajaj Finance Ltd,3/28/2016,Ankoor S Kulkarni,Insider - Designated Person,Sell,5,34431.0,6886.2
Reliance Industries Ltd,10/23/2019,Pankaj Kumar Shrivastava,Insider - Designated Person,Sell,60,85199.0,1419.98
Reliance Industries Ltd,2/5/2019,Salil Kumar Mishra,Insider - Other,Sell,60,78000.0,1300.0
Housing Development Finance Corporation Ltd,6/19/2017,Kankane Abhishek,Insider - Employee,Sell,16,26400.0,1650.0
Andhra Cements Ltd,6/29/2021,ALPHA LEON ENTERPRISES LLP,Bulk,Sell,3,48.0,16.25
Reliance Home Finance Ltd,8/10/2023,MULTIPLIER SHARE & STOCK ADVISORS PRIVATE LIMITED,Bulk,Buy,5,10.0,2.1
Infosys Ltd,5/26/2021,Infosys Employee Benefits Trust,Insider - Trust,Buy,44,60764.0,1381.0
Varun Beverages Ltd,6/26/2020,DEVYANI JAIPURIA,Insider - Promoter Group,Sell,3,2078.0,692.67
Varun Beverages Ltd,6/26/2020,DEVYANI JAIPURIA,Insider - Promoter Group,Sell,3,2072.0,690.67
Varun Beverages Ltd,6/26/2020,RAVI KANT JAIPURIA AND SONS HUF,Insider - Promoter,Sell,3,2055.0,685.0
Varun Beverages Ltd,6/26/2020,DEVYANI JAIPURIA,Insider - Promoter Group,Sell,3,2069.0,689.67
Varun Beverages Ltd,6/26/2020,DEVYANI JAIPURIA,Insider - Promoter Group,Sell,3,2067.0,689.0
Varun Beverages Ltd,6/26/2020,RAVI KANT JAIPURIA AND SONS HUF,Insider - Promoter,Sell,3,2056.0,685.33
Axis Bank Ltd,3/31/2017,Lalit Mohan Sharma,Insider - Employee,Sell,25,12430.0,497.2
AJR Infra and Tolling Ltd,5/25/2021,MANSI SHARES & STOCK ADVISORS PVT LTD,Bulk,Buy,10,14.0,1.4
SBI Cards and Payment Services Ltd,10/27/2020,Mishi Iqbal,Insider - Designated Person,Sell,10,8075.0,807.5
Housing Development Finance Corporation Ltd,3/22/2018,SHUBHADEEP SAHA,Insider - Employee,Sell,17,31034.0,1825.53
Larsen & Toubro Ltd,3/7/2018,Elayaraja R,Insider - Employee,Sell,15,6.06,40403.2
Housing Development Finance Corporation Ltd,5/15/2018,DEEPAK B,Insider - Employee,Sell,18,34938.0,1941.0
Larsen & Toubro Ltd,10/7/2015,Hemant H Jadhav,Insider - Employee,Sell,15,23158.0,1543.87
Housing Development Finance Corporation Ltd,8/2/2016,Amruta Amod Pethe,Insider - Designated Person,Sell,17,23042.0,1355.41
Indian Infotech and Software Ltd,12/13/2021,ALPHA LEON ENTERPRISES LLP,Bulk,Sell,11,47.0,4.3
JSW Steel Ltd,11/18/2022,JSW Steel Employees Welfare Trust 没 OPJ ESOP Plan 2021 A/c PAN: AABTJ3861D Regd. Add.: Dr. G. Deshmukh Marg 5/A Mumbai - 400026 Contact No.: 022-42861000,Insider - Other,Sell,33,23268.0,705.09
Yes Bank Ltd,5/25/2017,Yogesh Budhiraja,Insider - Employee,Sell,25,37279.0,1491.16
Yes Bank Ltd,6/13/2017,Yogesh Budhiraja,Insider - Employee,Sell,25,37452.0,1498.08
ICICI Lombard General Insurance Company Ltd,8/10/2020,AMITABH JAIN,Insider - Designated Person,Sell,5,7020.0,1404.0
ICICI Lombard General Insurance Company Ltd,2/19/2019,AMITABH JAIN Revised,Insider - Designated Person,Buy,5,4590.0,918.0
Divi's Laboratories Ltd,10/15/2020,Veeranjaneyulu Gudivada,Insider - Designated Person,Sell,3,9243.0,3081.0
Divi's Laboratories Ltd,10/15/2020,Veeranjaneyulu Gudivada,Insider - Designated Person,Buy,3,9228.0,3076.0
Tata Consultancy Services Ltd,5/19/2021,Krishnan Ramanujam,Insider - Designated Person,Sell,42,1.31,3115.6
ITC Ltd,1/4/2019,HARIT SHROFF,Insider - Employee,Sell,140,39522.0,282.3
ITC Ltd,7/23/2018,R. RAJASEKHAR,Insider - Employee,Sell,140,39801.0,284.29
Tech Mahindra Ltd,6/15/2020,Bhupathi Raju L,Insider - Designated Person,Sell,10,5495.0,549.5
Larsen & Toubro Ltd,7/14/2015,Hemant H Jadhav,Insider - Employee,Sell,16,29824.0,1864.0
Housing Development Finance Corporation Ltd,6/9/2020,SANKET SUHAS KOLHATKAR,Insider - Designated Person,Sell,20,36400.0,1820.0
Housing Development Finance Corporation Ltd,12/1/2020,GUPTA DIPTA BHANU,Insider - Designated Person,Sell,20,46120.0,2306.0
HDFC Bank Ltd,3/18/2019,P Shreekanth,Insider - Employee,Sell,60,1.34,2230.0
Burnpur Cement Ltd,10/10/2016,GOUTAM CHORARIA,Bulk,Sell,1,15.0,15.75
Indusind Bank Ltd,2/13/2019,SUNDAR RAJA MANI,Insider - Employee,Sell,7,10429.0,1489.86
Indusind Bank Ltd,2/13/2019,SUNDAR RAJA MANI,Insider - Employee,Sell,7,10427.0,1489.57
Colorchips New Media Ltd,8/22/2023,BP EQUITIES PVT. LTD.,Bulk,Sell,1,6.0,6.82
Infosys Ltd,2/19/2021,Infosys Employee Benefits Trust,Insider - Designated Person,Buy,50,64650.0,1293.0
Reliance Capital Ltd,3/12/2021,HSQUARE GLOBETRADE LLP,Bulk,Sell,3,41.0,13.9
Bharat Road Network Ltd,6/22/2018,AYODHYA GORAKHPUR SMS TOLLS PRIVATE LIMITED,Bulk,Sell,1,167.0,167.0
Housing Development Finance Corporation Ltd,5/9/2018,SANJIV KUMAR SINHA,Insider - Employee,Sell,20,37960.0,1898.0
Housing Development Finance Corporation Ltd,5/15/2018,UTKARSH MACHHINDRA DEOKAR,Insider - Employee,Sell,20,38820.0,1941.0
Housing Development Finance Corporation Ltd,6/20/2018,ROY HIRANMOY,Insider - Employee,Sell,20,36392.0,1819.6
Housing Development Finance Corporation Ltd,11/6/2018,ADITI DONGARE,Insider - Employee,Sell,20,36051.0,1802.55
Housing Development Finance Corporation Ltd,12/12/2018,UDAY SHARADRAO PATIL,Insider - Employee,Sell,20,38930.0,1946.5
Housing Development Finance Corporation Ltd,5/14/2018,DEEPAK B,Insider - Employee,Sell,20,38600.0,1930.0
Housing Development Finance Corporation Ltd,3/12/2019,RAJE ASHISH ARVIND,Insider - Employee,Sell,20,38080.0,1904.0
Housing Development Finance Corporation Ltd,11/21/2018,ADITI AGARWAL,Insider - Employee,Sell,20,37680.0,1884.0
Housing Development Finance Corporation Ltd,3/19/2019,GOWTAM KANNURI,Insider - Employee,Sell,20,39460.0,1973.0
Housing Development Finance Corporation Ltd,5/3/2018,ARADHANA UPADHYAY,Insider - Immediate Relative,Buy,20,38498.0,1924.9
Housing Development Finance Corporation Ltd,9/4/2018,JOSHI MAYUR G,Insider - Employee,Sell,20,38926.0,1946.3
Housing Development Finance Corporation Ltd,11/21/2018,ADITI AGARWAL,Insider - Employee,Sell,20,37600.0,1880.0
Housing Development Finance Corporation Ltd,12/31/2018,ARPIT TANDON,Insider - Employee,Sell,20,39383.0,1969.15
Housing Development Finance Corporation Ltd,2/21/2019,JITENDRA SAI KOMMINENI,Insider - Employee,Sell,20,37498.0,1874.9
Housing Development Finance Corporation Ltd,3/20/2019,GOWTAM KANNURI,Insider - Employee,Sell,20,39640.0,1982.0
Housing Development Finance Corporation Ltd,11/30/2018,RADHAYYA S M,Insider - Employee,Sell,20,39933.0,1996.65
Housing Development Finance Corporation Ltd,12/3/2018,UDAY SHARADRAO PATIL,Insider - Employee,Sell,20,40291.0,2014.55
Housing Development Finance Corporation Ltd,12/6/2017,Hari Shankar Prasad,Insider - Employee,Sell,19,31322.0,1648.53
Chambal Fertilisers and Chemicals Ltd,5/18/2017,Raj Kumar Khunteta,Insider - Employee,Sell,5,585.0,117.0
Larsen & Toubro Ltd,3/22/2023,CYRUS J DADACHANJI,Insider - Designated Person,Sell,17,37724.0,2219.06
Srestha Finvest Ltd,1/13/2022,RAJESH KHANDWE,Bulk,Buy,1,2.0,2.27
Panafic Industrials Ltd,12/20/2021,ALPHA LEON ENTERPRISES LLP,Bulk,Buy,1,1.0,1.68
Biogen Pharmachem Industries Ltd,8/18/2021,ALPHA LEON ENTERPRISES LLP,Bulk,Sell,8,6.0,0.81
Biogen Pharmachem Industries Ltd,7/29/2021,ALPHA LEON ENTERPRISES LLP,Bulk,Buy,8,8.0,1.04
ITC Ltd,4/11/2018,ANMOL SINGH GREWAL,Insider - Employee,Sell,150,39713.0,264.75
ITC Ltd,8/21/2018,GANESH GOPAL,Insider - Employee,Sell,150,46915.0,312.77
ITC Ltd,3/8/2019,D. JOHN ROBERT,Insider - Employee,Sell,150,43826.0,292.17
Pmc Fincorp Ltd,1/16/2018,BP FINTRADE PRIVATE LIMITED,Bulk,Buy,6,3.0,0.65
HDFC Life Insurance Company Ltd,5/18/2018,SHWETA KHATTRI,Insider - Employees Immediate Relative,Buy,25,12271.0,490.84
Relaxo Footwears Ltd,1/7/2019,Vinay Kumar Bajaj,Insider - Employee,Sell,3,2253.0,751.0
Sterlite Technologies Ltd,11/21/2018,Nikhil Puri,Insider - Employee,Buy,5,1713.0,342.6
Sterlite Technologies Ltd,10/22/2018,Mr. Nikhil Puri,Insider - Employee,Buy,5,1626.0,325.2
Sterlite Technologies Ltd,10/30/2018,Abhinav Srivastava,Insider - Employee,Buy,5,1918.0,383.6
Reliance Industries Ltd,6/11/2020,S Rajagopal,Insider - Designated Person,Buy,80,25140.0,314.25
Tata Consultancy Services Ltd,5/15/2020,Sukanya Lakshminarayanan,Insider - Designated Person,Buy,47,88221.0,1877.04
Housing Development Finance Corporation Ltd,12/31/2018,ARPIT TANDON,Insider - Employee,Sell,21,41352.0,1969.14
Housing Development Finance Corporation Ltd,8/29/2017,Sanjiv Kumar Sinha,Insider - Employee,Sell,20,34880.0,1744.0
Housing Development Finance Corporation Ltd,11/28/2017,Viswanath Chandrasekar Iyer,Insider - Employee,Sell,20,34639.0,1731.95
Housing Development Finance Corporation Ltd,12/27/2017,Sanjiv Kumar Sinha,Insider - Employee,Sell,20,34121.0,1706.05
Housing Development Finance Corporation Ltd,3/22/2018,Deepak B,Insider - Employee,Sell,20,36700.0,1835.0
Housing Development Finance Corporation Ltd,2/14/2018,Uday Sharadrao Patil,Insider - Employee,Sell,20,36580.0,1829.0
Housing Development Finance Corporation Ltd,3/8/2018,ADITI DONGARE,Insider - Employee,Sell,20,35697.0,1784.85
Housing Development Finance Corporation Ltd,3/26/2018,Deepak B,Insider - Employee,Sell,20,36500.0,1825.0
Housing Development Finance Corporation Ltd,6/23/2017,Kankane Abhishek,Insider - Employee,Sell,20,33102.0,1655.1
Housing Development Finance Corporation Ltd,9/8/2017,Sudipto Kumar Das,Insider - Employee,Sell,20,35656.0,1782.8
Housing Development Finance Corporation Ltd,11/21/2017,SANJIV KUMAR SINHA,Insider - Employee,Sell,20,33940.0,1697.0
Housing Development Finance Corporation Ltd,2/20/2018,RITU SHARMA,Insider - Employee,Sell,20,36533.0,1826.65
Housing Development Finance Corporation Ltd,5/29/2017,Gaurav Narang,Insider - Employee,Sell,20,32000.0,1600.0
Housing Development Finance Corporation Ltd,2/12/2018,HARSHIL NAYAN PARIKH,Insider - Employee,Sell,20,36510.0,1825.5
Housing Development Finance Corporation Ltd,11/3/2017,Uday Sharadrao Patil,Insider - Employee,Sell,20,35800.0,1790.0
Housing Development Finance Corporation Ltd,12/5/2017,Paul Santiswarup,Insider - Employee,Sell,20,33428.0,1671.4
Housing Development Finance Corporation Ltd,2/12/2018,HARSHIL NAYAN PARIKH,Insider - Employee,Sell,20,36030.0,1801.5
Persistent Systems Ltd,2/12/2020,Rama-Purushottam Foundation,Insider - Promoter Group,Sell,1,701.0,701.0
Housing Development Finance Corporation Ltd,2/6/2017,Shameer Attupurathu Siddique,Insider - Employee,Sell,20,28036.0,1401.8
Housing Development Finance Corporation Ltd,2/2/2017,Aditi Agarwal,Insider - Employee,Sell,20,28000.0,1400.0
Housing Development Finance Corporation Ltd,3/16/2017,Payal Tukaram Sawarikar,Insider - Employee,Sell,20,28924.0,1446.2
Housing Development Finance Corporation Ltd,3/20/2017,Deepak B,Insider - Employee,Sell,20,29240.0,1462.0
Housing Development Finance Corporation Ltd,2/22/2017,Purnima Vibhandik,Insider - Employee,Sell,20,28211.0,1410.55
Housing Development Finance Corporation Ltd,3/6/2017,Babu Baskar,Insider - Employee,Sell,20,27291.0,1364.55
Housing Development Finance Corporation Ltd,3/29/2017,Deepak B,Insider - Employee,Sell,20,30200.0,1510.0
Housing Development Finance Corporation Ltd,8/12/2016,Gurpreet Singh Arora,Insider - Employee,Sell,20,27546.0,1377.3
Housing Development Finance Corporation Ltd,2/17/2017,Naveen Sharma,Insider - Employee,Sell,20,28331.0,1416.55
Housing Development Finance Corporation Ltd,9/2/2016,Gajananprasad Ratnakar Anekar,Insider - Employee,Sell,20,28730.0,1436.5
Housing Development Finance Corporation Ltd,12/23/2016,Jitendra Kumar Jaiswal,Insider - Employee,Buy,20,6.36,31775.0
Housing Development Finance Corporation Ltd,2/7/2017,Rahul Ramchandra Rane,Insider - Employee,Sell,20,28000.0,1400.0
Housing Development Finance Corporation Ltd,3/17/2017,Deepak B,Insider - Employee,Sell,20,29060.0,1453.0
Housing Development Finance Corporation Ltd,3/27/2017,Deepak B,Insider - Employee,Sell,20,29360.0,1468.0
Mahindra and Mahindra Ltd,2/17/2016,Anil Jagga,Insider - Employee,Sell,15,17982.0,1198.81
Tata Consultancy Services Ltd,1/29/2018,Nitya Jain,Insider - Designated Person,Sell,50,1.6,3198.48
Tata Consultancy Services Ltd,1/31/2018,Rohit Kumar Jain Spouse,Insider - Immediate Relative,Sell,50,1.55,3109.82
Tata Consultancy Services Ltd,1/22/2018,Rohit Kumar Jain,Insider - Immediate Relative,Sell,50,1.51,3016.3
Housing Development Finance Corporation Ltd,12/30/2015,Daniel Peter Anthony,Insider - Designated Person,Sell,20,24800.0,1240.0
Housing Development Finance Corporation Ltd,3/8/2016,Shantanu Dilip Khokale,Insider - Designated Person,Sell,20,22800.0,1140.0
HDFC Bank Ltd,8/1/2016,Aparna Kumar,Insider - Employee,Sell,65,1.16,1790.0
Larsen & Toubro Ltd,10/8/2015,Hemant H Jadhav,Insider - Employee,Sell,18,27424.0,1523.56
Samvardhana Motherson International Ltd,11/1/2018,LAKSH VAAMAN SEHGAL,Insider - Promoter & Director,Buy,41,7116.0,173.56
Yes Bank Ltd,9/11/2018,Shiva Lodhi,Insider - Employee,Buy,30,9469.0,315.63
Kotak Mahindra Bank Ltd,6/8/2020,Pavan Manchala,Insider - Employee,Sell,25,33838.0,1353.52
HDFC Bank Ltd,6/13/2017,Sunil Gupta,Insider - Employee,Sell,67,1.08,1610.0
Housing Development Finance Corporation Ltd,12/31/2018,ARPIT TANDON,Insider - Employee,Sell,22,43321.0,1969.14
Cressanda Solutions Ltd,1/3/2022,ALPHA LEON ENTERPRISES LLP,Bulk,Buy,4,27.0,6.79
Indusind Bank Ltd,2/13/2019,SUNDAR RAJA MANI,Insider - Employee,Sell,8,11916.0,1489.5
Zensar Technologies Ltd,11/20/2017,Pushpall Kapadia,Insider - Employee,Sell,3,2654.0,884.99
Larsen & Toubro Ltd,3/22/2023,CYRUS J DADACHANJI,Insider - Designated Person,Sell,19,42165.0,2219.21
Mahindra and Mahindra Ltd,2/15/2016,Anil Jagga,Insider - Employee,Sell,16,18806.0,1175.44
Axis Bank Ltd,2/28/2020,United India Insurance Company Limited,Insider - Promoter,Buy,35,24454.0,698.69
MIC Electronics Ltd,1/17/2022,ALPHA LEON ENTERPRISES LLP,Bulk,Sell,3,96.0,32.25
Housing Development Finance Corporation Ltd,6/26/2018,NEHA TRIPATHI,Insider - Employee,Sell,23,44011.0,1913.52
Bajaj Auto Ltd,2/6/2023,Zanzari Kailash J,Insider - Designated Person,Sell,4,15416.0,3854.0
Varun Beverages Ltd,6/26/2020,RAVI KANT JAIPURIA AND SONS HUF,Insider - Promoter,Sell,4,2740.0,685.0
Varun Beverages Ltd,6/26/2020,DEVYANI JAIPURIA,Insider - Promoter Group,Sell,4,2753.0,688.25
Varun Beverages Ltd,6/26/2020,RAVI KANT JAIPURIA AND SONS HUF,Insider - Promoter,Sell,4,2741.0,685.25
Varun Beverages Ltd,6/26/2020,DEVYANI JAIPURIA,Insider - Promoter Group,Sell,4,2769.0,692.25
Varun Beverages Ltd,6/26/2020,RAVI KANT JAIPURIA AND SONS HUF,Insider - Promoter,Sell,4,2745.0,686.25
Varun Beverages Ltd,6/26/2020,DEVYANI JAIPURIA,Insider - Promoter Group,Sell,4,2758.0,689.5
Varun Beverages Ltd,6/26/2020,RAVI KANT JAIPURIA AND SONS HUF,Insider - Promoter,Sell,4,2753.0,688.25
Tata Consultancy Services Ltd,5/29/2020,Sukanya Lakshminarayanan,Insider - Designated Person,Buy,52,1.03,1980.06
Housing Development Finance Corporation Ltd,8/9/2021,SHETTY SATISH,Insider - Designated Person,Sell,25,65375.0,2615.0
Housing Development Finance Corporation Ltd,2/7/2017,Shibu S.B.,Insider - Employee,Sell,22,30960.0,1407.27
Housing Development Finance Corporation Ltd,2/15/2017,Krishnaprem Nehalbhai Thakker,Insider - Employee,Sell,22,30776.0,1398.91
Housing Development Finance Corporation Ltd,3/15/2017,Sudha V,Insider - Employee,Sell,22,31312.0,1423.27
ITC Ltd,11/20/2018,D.V.R. RAJIV MOHAN,Insider - Employee,Sell,170,48586.0,285.8
CRISIL Ltd,11/8/2017,Reena Rodrigues,Insider - Employee,Sell,1,1820.0,1820.0
Tata Consultancy Services Ltd,11/4/2020,Arun Kumar Malik,Insider - Immediate Relative,Buy,53,1.43,2698.96
HDFC Asset Management Company Ltd,9/4/2018,RAJBIR SINGH,Insider - Employee,Sell,3,5277.0,1759.0
HDFC Asset Management Company Ltd,9/6/2018,VIJAY SHIVAPPA PRABHU,Insider - Employee,Sell,3,5051.0,1683.67
HDFC Asset Management Company Ltd,9/10/2018,KUMAR RITESH,Insider - Employee,Sell,3,4980.0,1660.0
Larsen & Toubro Ltd,10/1/2018,GAGANDEEP KAUR,Insider - Immediate Relative,Buy,20,24700.0,1235.0
Larsen & Toubro Ltd,12/18/2018,KUMARESAN T,Insider - Designated Person,Sell,20,28436.0,1421.8
Larsen & Toubro Ltd,10/9/2018,GAGANDEEP KAUR,Insider - Immediate Relative,Buy,20,24595.0,1229.75
Swasti Vinayaka Synthetics Ltd,2/17/2021,ALPHA LEON ENTERPRISES LLP,Bulk,Sell,1,8.0,8.5
Vikas Ecotech Ltd,8/20/2020,ALPHA LEON ENTERPRISES LLP,Bulk,Buy,4,43.0,10.81
Larsen & Toubro Ltd,7/26/2016,BHARGAVA MUKESH CMDR,Insider - Employee,Sell,20,31621.0,1581.05
Larsen & Toubro Ltd,4/20/2016,Hemant H Jadhav,Insider - Employee,Sell,20,25118.0,1255.9
Housing Development Finance Corporation Ltd,6/1/2020,SANKET SUHAS KOLHATKAR,Insider - Designated Person,Sell,25,44061.0,1762.44
Housing Development Finance Corporation Ltd,6/8/2017,Shameer Attupurathu Siddique,Insider - Employee,Sell,23,37417.0,1626.83
Housing Development Finance Corporation Ltd,9/12/2017,Vepa Shravan,Insider - Employee,Sell,23,41262.0,1794.0
Gravita India Ltd,3/3/2021,RAJAT AGRAWAL,Insider - Promoter,Buy,1,110.0,110.0
Gravita India Ltd,8/13/2021,Vijendra Singh Tanwar,Insider - Other,Sell,1,187.0,187.0
Tata Consultancy Services Ltd,11/10/2020,Sonali Malik,Insider - Immediate Relative,Buy,55,1.46,2654.85
HDFC Bank Ltd,2/1/2020,Abhilasha Sancheti,Insider - Designated Person,Buy,80,97748.0,1221.85
Newgen Software Technologies Ltd,2/22/2019,ATUL KUMAR PHARASI,Insider - Employee,Sell,1,299.0,299.0
HCL Technologies Ltd,9/13/2021,ANUP DUTTA,Insider - Designated Person,Sell,40,48432.0,1210.8
ITC Ltd,3/22/2019,V.V. SUBRAMANYAM,Insider - Employee,Sell,180,53982.0,299.9
ITC Ltd,11/8/2017,MANISH MODI,Insider - Employee,Sell,180,47781.0,265.45
Infibeam Avenues Ltd,8/2/2017,Parag J Raval,Insider - Other,Sell,8,11752.0,1469.0
Housing Development Finance Corporation Ltd,5/4/2018,HARSHIL NAYAN PARIKH,Insider - Employee,Sell,25,47750.0,1910.0
Housing Development Finance Corporation Ltd,8/27/2018,ASHISH KUMAR MAHESHWARI,Insider - Employee,Sell,25,48250.0,1930.0
Housing Development Finance Corporation Ltd,6/26/2018,NEHA TRIPATHI,Insider - Employee,Sell,25,47838.0,1913.52
Housing Development Finance Corporation Ltd,11/16/2018,ADITI DONGARE,Insider - Employee,Sell,25,46545.0,1861.8
Housing Development Finance Corporation Ltd,11/26/2018,BHAVIK DILIPBHAI DAXINI,Insider - Employee,Sell,25,47200.0,1888.0
Housing Development Finance Corporation Ltd,11/19/2018,SOOD PANKAJ,Insider - Employee,Sell,25,47550.0,1902.0
Housing Development Finance Corporation Ltd,11/29/2018,MANSI TARUSH GORADIA,Insider - Employee,Sell,25,48750.0,1950.0
Housing Development Finance Corporation Ltd,12/19/2018,MANSI TARUSH GORADIA,Insider - Employee,Sell,25,49375.0,1975.0
